,nearest_station_id,nearest_station_name,Date,10:00-11:00AM,10:00-11:00PM,11:00-12:00AM,11:00-12:00PM,12:00-1:00 AM,12:00-1:00PM,1:00-2:00AM,1:00-2:00PM,2:00-3:00AM,2:00-3:00PM,3:00-4:00AM,3:00-4:00PM,4:00-5:00AM,4:00-5:00PM,5:00-6:00AM,5:00-6:00PM,6:00-7:00AM,6:00-7:00PM,7:00-8:00AM,7:00-8:00PM,8:00-9:00AM,8:00-9:00PM,9:00-10:00AM,9:00-10:00PM
0,1,Albany County HD,04/07/2018,935,1277,1075,792,830,856,684,778,399,936,332,974,320,1134,320,1154,308,1067,665,1158,775,1033,878,1122
1,1,Albany County HD,04/08/2018,574,900,751,739,896,735,734,801,493,893,367,893,308,944,329,1078,343,995,452,1089,525,1164,547,987
2,1,Albany County HD,04/09/2018,1216,1180,1090,1020,573,1075,385,1118,322,1170,291,976,381,1176,602,1139,989,1106,1212,1184,1171,1111,1152,1129
3,1,Albany County HD,04/10/2018,1117,1287,1072,1166,823,1074,502,1059,353,1207,335,1259,315,1269,578,1150,1072,1120,1306,1316,1242,1277,1117,1201
4,1,Albany County HD,04/11/2018,843,1136,1086,813,838,914,436,974,334,1092,347,1076,361,1268,589,1346,1032,1506,1315,1517,1199,1323,991,1285
5,1,Albany County HD,04/12/2018,773,1360,1200,801,639,861,352,892,242,950,175,1046,232,1311,354,1482,831,1642,1295,1531,1107,1356,1095,1379
6,1,Albany County HD,04/13/2018,1123,1240,1205,1095,843,1149,507,1099,298,1184,204,1303,251,1389,326,1414,805,1562,1347,1379,1242,1177,1134,1140
7,1,Albany County HD,04/14/2018,1096,1270,1312,1061,921,1169,586,1182,378,1275,303,1326,293,1222,253,1244,433,1335,578,1256,843,1228,1065,1154
8,1,Albany County HD,04/15/2018,1255,962,836,1216,1025,1187,577,1150,435,1270,358,1350,303,1248,217,1306,347,1366,511,1131,587,1060,929,859
9,1,Albany County HD,09/30/2017,867,1193,1273,918,1018,896,835,965,544,1048,437,1079,362,1088,265,1074,314,1085,457,1023,551,1114,721,1259
10,1,Albany County HD,10/01/2017,754,1341,1300,889,1005,835,707,640,501,692,399,676,367,770,204,801,360,998,583,1164,523,1242,616,1372
11,1,Albany County HD,10/02/2017,840,1188,893,816,590,817,266,848,184,1040,170,1112,185,1160,304,1169,716,1275,1085,1322,1035,1336,973,1318
12,1,Albany County HD,10/03/2017,1000,1319,1065,1017,724,1006,372,1010,221,1003,215,1045,225,1138,370,1193,717,1248,1139,1400,1063,1262,1057,1266
13,1,Albany County HD,10/04/2017,1005,1282,1129,957,812,1063,481,1047,280,991,241,973,262,907,353,1028,694,1239,1044,1261,1044,1399,979,1424
14,1,Albany County HD,10/05/2017,981,1332,1326,939,893,982,535,990,334,1069,272,1057,258,1128,341,1146,691,1249,1121,1359,1087,1312,992,1409
15,1,Albany County HD,10/06/2017,997,1233,1437,949,1028,953,603,983,410,1070,298,1093,296,1176,327,1204,687,1237,1014,1379,1057,1351,1037,1295
16,1,Albany County HD,10/07/2017,2791,2489,2513,3034,2666,3244,1826,2956,1498,3161,1213,3333,1088,3238,974,3350,1102,2871,1728,2937,2060,2703,2493,2457
17,1,Albany County HD,10/08/2017,1868,2037,1751,2242,2104,2917,1442,2809,1008,2667,834,2971,716,2708,543,2992,610,2948,1044,2839,1268,2439,1499,2126
18,1,Albany County HD,10/09/2017,1132,755,769,1205,531,1313,331,1282,227,1546,190,1775,199,1727,365,1827,731,1644,1210,1452,1360,1025,1148,839
19,1,Albany County HD,10/10/2017,1527,1030,896,1387,516,1425,274,1617,239,1767,159,2673,210,2845,454,2768,1955,2444,3011,1996,3343,1629,2337,1331
20,1,Albany County HD,10/11/2017,1532,914,939,1473,645,1489,422,1563,286,1795,202,2690,232,2699,435,2583,1941,2186,2947,1787,3243,1654,2108,1236
21,1,Albany County HD,10/12/2017,1592,1112,1067,1551,754,1503,442,1152,262,1429,197,2177,234,2171,442,2079,1984,1571,3005,1756,3498,1502,1977,1326
22,1,Albany County HD,10/13/2017,1382,1034,1067,1440,950,1450,489,1648,314,2216,305,2918,268,2533,438,2432,1897,2105,2783,1878,2534,1378,1493,1234
23,1,Albany County HD,10/14/2017,1416,1088,1022,1484,948,1600,647,1811,455,1954,438,1918,361,1771,326,1588,450,1524,870,1438,1064,1278,1356,1166
24,1,Albany County HD,10/15/2017,1281,819,687,1412,809,1777,556,1932,430,1862,365,1845,318,1752,289,1654,364,1520,654,1441,916,1304,944,964
25,1,Albany County HD,11/04/2017,2185,2649,2813,2145,2518,2219,2238,2299,1484,2226,1348,2400,1058,2473,1010,2514,1151,2604,1380,2710,1463,2646,1840,2612
26,1,Albany County HD,11/05/2017,1932,1924,1380,2100,2512,2054,2301,1982,1382,1938,1116,2138,896,2299,1263,2428,1322,2514,1276,2343,1250,2324,1478,2083
27,1,Albany County HD,11/06/2017,2488,2123,1726,2450,1004,2423,731,2512,534,2562,521,2517,658,2596,1137,2778,1857,2582,2456,2473,2457,2329,2682,2182
28,1,Albany County HD,11/07/2017,2407,2258,1792,2705,1289,2370,867,2328,563,2602,528,2617,712,2611,1119,2488,1969,2285,2617,2380,2367,2193,2510,2280
29,1,Albany County HD,11/08/2017,1310,2401,1841,1290,1499,1110,905,1126,614,1232,549,1265,709,1203,1119,2435,1983,2780,2563,2496,2236,2266,1561,2423
30,1,Albany County HD,11/09/2017,2856,2597,2307,2740,1557,2537,1059,2304,678,2261,568,2589,736,2493,1142,2441,1871,2350,2384,2472,2397,2154,2684,2462
31,1,Albany County HD,11/10/2017,2952,2452,2581,2759,1599,2492,1122,2385,816,2269,736,2580,749,2279,1106,2243,1929,2373,2509,2573,2406,2307,2654,2448
32,1,Albany County HD,11/11/2017,2124,2546,2840,2145,2490,2219,2203,2420,1503,2506,1263,2491,962,2717,981,2594,1192,2798,1425,2834,1570,2571,1901,2608
33,1,Albany County HD,11/12/2017,1992,1871,1469,2174,2531,2209,2170,2261,1435,2438,1177,2409,948,2347,1227,2128,1126,2221,1203,2053,1326,2146,1616,2095
34,5,Loudonville,09/09/2017,1176,710,623,1206,437,1290,312,1267,236,1324,175,1413,168,1375,259,1411,356,1245,533,1028,638,866,869,841
35,5,Loudonville,09/10/2017,1186,538,366,1332,478,1449,310,1368,245,1304,211,1352,169,1355,177,1196,198,1168,322,930,439,810,760,627
36,5,Loudonville,09/11/2017,1097,487,463,1189,253,1355,152,1375,127,1430,120,1642,199,1544,416,1455,880,1279,1304,999,1467,865,1175,592
37,5,Loudonville,09/12/2017,1389,506,458,1364,281,1372,200,1338,133,1402,143,1591,219,1580,440,1557,990,1245,1319,1077,1473,858,1240,613
38,5,Loudonville,09/13/2017,1139,597,456,1320,329,1245,237,1357,149,1556,118,1702,211,1593,455,1593,1047,1371,1348,1135,1483,910,1195,670
39,5,Loudonville,09/14/2017,1299,652,507,1343,344,1455,200,1402,125,1482,128,1746,232,1656,433,1574,964,1432,1370,1281,1368,958,1208,688
40,5,Loudonville,09/15/2017,1317,694,651,1323,402,1360,265,1503,188,1618,150,1584,227,1661,420,1525,990,1369,1320,1201,1458,1047,1302,891
41,5,Loudonville,09/16/2017,1118,697,589,1317,500,1314,405,1294,238,1289,211,1318,223,1348,270,1323,360,1196,555,1034,579,865,862,801
42,5,Loudonville,09/17/2017,860,533,406,975,534,1083,371,1144,287,1199,219,1205,191,1160,182,1225,214,1088,337,952,367,786,575,656
43,5,Loudonville,09/23/2017,960,763,599,954,319,998,235,1044,204,984,126,978,143,869,132,932,180,947,371,989,833,1055,883,776
44,5,Loudonville,09/24/2017,765,712,424,857,369,893,233,969,197,919,162,926,134,835,119,814,136,816,222,882,546,820,776,651
45,5,Loudonville,09/25/2017,936,552,380,894,250,975,143,897,108,797,92,862,110,845,152,867,322,912,654,845,856,901,856,685
46,5,Loudonville,09/26/2017,854,663,392,943,224,919,129,892,92,764,77,787,89,875,149,841,340,909,695,873,852,836,840,692
47,5,Loudonville,09/27/2017,860,665,404,869,257,903,169,940,104,876,77,851,88,893,159,775,336,864,655,879,835,844,821,727
48,5,Loudonville,09/28/2017,864,702,417,857,243,807,146,819,133,775,78,823,101,811,129,878,348,809,608,745,761,964,855,723
49,5,Loudonville,09/29/2017,863,731,561,839,123,840,147,881,117,847,94,784,111,776,142,911,320,874,578,966,849,1014,820,803
50,5,Loudonville,09/30/2017,1009,741,564,974,354,1048,213,1075,195,1016,148,1020,146,977,114,1004,193,984,351,1037,810,947,867,734
51,5,Loudonville,10/01/2017,790,632,455,888,383,927,226,929,134,957,116,934,131,877,107,812,148,873,228,880,477,815,736,658
52,5,Loudonville,11/11/2017,609,370,332,586,240,729,176,561,124,806,80,860,97,588,108,593,186,590,285,471,416,507,524,405
53,5,Loudonville,11/12/2017,445,266,193,467,300,548,201,568,157,638,104,626,89,561,64,554,125,517,167,460,288,411,377,326
54,5,Loudonville,11/13/2017,444,281,240,446,118,461,72,508,54,517,42,710,72,706,159,734,339,635,470,533,657,438,481,350
55,5,Loudonville,11/14/2017,549,298,268,496,143,512,74,470,59,444,47,563,74,534,164,636,364,605,520,494,665,419,592,395
56,5,Loudonville,11/15/2017,441,294,285,484,159,519,71,413,56,468,42,661,80,599,168,652,374,695,535,523,698,495,507,384
57,5,Loudonville,11/16/2017,508,356,289,496,186,490,95,539,63,504,44,528,73,673,157,674,348,704,489,477,546,465,469,410
58,5,Loudonville,11/17/2017,485,407,379,558,208,550,122,559,105,602,61,702,78,710,149,601,371,686,501,576,637,498,561,471
59,5,Loudonville,11/18/2017,555,386,301,632,286,526,158,543,132,575,102,634,80,609,126,559,201,564,307,487,454,436,464,377
60,5,Loudonville,11/19/2017,411,290,198,475,297,567,206,546,143,513,92,651,108,591,75,568,120,528,166,592,288,410,396,335
61,6,PS 274,03/03/2018,802,905,831,894,690,949,485,1020,476,756,412,905,411,1049,402,1052,370,1123,570,984,642,795,708,402
62,6,PS 274,03/04/2018,621,561,515,725,933,830,567,905,600,907,531,980,424,984,333,972,339,971,404,931,486,789,497,635
63,6,PS 274,03/05/2018,763,493,419,778,401,808,252,845,228,828,282,967,458,1013,696,942,786,600,836,679,966,614,761,567
64,6,PS 274,03/06/2018,848,649,516,743,322,831,268,919,204,943,232,984,489,968,654,943,819,1017,884,907,899,767,733,696
65,6,PS 274,03/09/2018,777,816,676,841,507,853,429,858,388,885,322,975,428,956,578,945,752,1002,888,1008,870,893,801,876
66,6,PS 274,03/10/2018,744,872,904,859,726,937,608,899,481,980,453,876,398,1020,453,970,516,947,578,961,631,923,712,917
67,6,PS 274,03/11/2018,577,341,452,616,615,733,662,903,0,958,468,957,347,976,336,1004,296,927,364,894,417,852,480,590
68,6,PS 274,03/12/2018,778,636,429,802,309,801,255,837,224,878,286,878,417,1017,642,978,542,888,912,941,821,746,775,653
69,6,PS 274,03/13/2018,714,575,454,787,344,772,271,830,221,843,215,893,457,812,643,804,592,894,717,898,836,829,749,705
70,6,PS 274,03/14/2018,793,701,703,754,432,844,303,891,241,936,305,930,329,1016,599,885,726,1007,649,958,724,836,787,747
71,6,PS 274,03/15/2018,740,733,691,763,546,817,389,807,291,856,291,911,451,907,592,928,779,830,785,908,795,819,752,752
72,6,PS 274,04/07/2018,1848,1647,1585,2021,1280,2166,923,2139,679,2171,571,2212,581,2187,651,2169,830,2093,1169,2026,1429,2072,1657,1865
73,6,PS 274,04/08/2018,1620,1367,1167,1867,1366,1860,1005,1949,792,2157,604,2212,751,2141,577,2000,691,1976,944,1927,1167,1760,1337,1596
74,6,PS 274,04/09/2018,1984,1138,1008,1991,803,2146,508,1996,325,2093,321,2230,514,2337,833,2419,1820,2202,2307,1997,2464,1786,2127,1520
75,6,PS 274,04/10/2018,1923,1336,1104,1792,759,1847,430,1929,329,2016,261,2262,428,2327,881,2364,1705,2285,2272,2076,2418,1841,2312,1573
76,6,PS 274,04/11/2018,1928,1373,1138,1867,761,1871,462,1936,287,2149,282,2305,469,2352,870,2379,1750,2274,2307,2228,2420,1813,2158,1714
77,6,PS 274,04/12/2018,1902,1411,1151,1888,802,1898,468,1904,330,2103,287,2219,405,2341,942,2362,1797,2263,2294,2109,2504,1946,2098,1709
78,6,PS 274,04/13/2018,1906,1758,1576,2021,862,1918,553,2031,372,2101,338,2271,445,2331,903,2267,1662,2231,2265,2293,2367,2090,2069,1894
79,6,PS 274,04/14/2018,2066,1985,1738,2202,1335,2192,872,2212,676,2273,523,2261,648,2281,606,2254,886,2304,1328,2194,1882,2061,1996,1986
80,6,PS 274,04/15/2018,1625,1150,993,1807,1359,1814,1078,1905,813,2066,630,2048,807,1908,604,1864,666,1723,1021,1760,1231,1564,1439,1380
81,6,PS 274,09/09/2017,2774,2342,2209,2955,1674,3131,1205,3152,960,3220,818,2969,878,3124,883,3045,1282,2982,1784,2909,2277,2712,2501,2349
82,6,PS 274,09/10/2017,2338,1797,1326,2498,1817,2609,1309,2665,1194,2957,930,2966,927,2868,735,2577,879,2536,1193,2538,1626,2510,1969,2350
83,6,PS 274,09/11/2017,2684,1608,1301,2618,976,2595,674,2858,510,3032,465,3300,629,3293,1259,3127,2473,2810,3372,2496,3464,2293,2967,1864
84,6,PS 274,09/12/2017,2682,1758,1379,2714,923,2706,628,2783,473,2984,405,3215,693,3257,1282,3225,2432,2973,3452,2798,3415,2266,2900,2081
85,6,PS 274,09/13/2017,2596,1609,1343,2682,1035,2740,668,2757,502,2994,456,3115,681,3309,1276,3306,2411,2998,3527,2782,3333,2227,2705,1999
86,6,PS 274,09/14/2017,2625,1887,1466,2618,912,2719,602,2789,534,2920,456,3329,683,3345,1335,3280,2460,3371,3565,3031,3424,2964,2844,2259
87,6,PS 274,09/15/2017,2673,2083,1960,2753,1066,2902,807,2864,604,3197,520,3389,748,3344,1359,3394,2457,3059,3510,3080,3612,2595,2848,2383
88,6,PS 274,09/16/2017,2852,2229,1864,2895,1491,3037,1224,3149,990,3178,828,3037,856,3161,932,3210,1215,3024,1815,2803,2370,2555,2542,2407
89,6,PS 274,09/17/2017,2345,1701,1270,2543,1868,2513,1445,2685,1126,2933,932,2787,893,2705,837,2696,972,2563,1244,2695,1671,2274,1989,1920
90,6,PS 274,09/23/2017,4313,3205,2738,4635,1920,4968,1430,5180,1104,5221,844,5064,935,4928,1092,4923,1450,4613,2308,4545,3130,3924,3907,3517
91,6,PS 274,09/24/2017,3669,2374,1856,4196,2332,4247,1680,4459,1242,4776,1061,4366,982,4488,883,4323,1046,4174,1776,3976,2408,3419,3008,2919
92,6,PS 274,09/25/2017,3938,2198,1675,4152,1269,4229,801,4551,566,4760,500,4709,759,5171,1774,5244,3195,4988,5107,4329,5038,3584,4196,2754
93,6,PS 274,09/26/2017,3967,2411,1778,4333,1121,4341,784,4501,496,4820,450,4952,730,5176,1679,5291,3231,5040,5077,4642,4939,3912,4295,2979
94,6,PS 274,09/27/2017,3765,2449,1882,4396,1230,4619,833,4577,521,4865,483,4899,765,4982,1748,5356,3238,5031,5246,4573,5048,3537,4267,3030
95,6,PS 274,09/28/2017,4009,2532,1834,4362,1256,4374,814,4649,569,4884,526,4791,754,5212,1661,5280,3386,5168,5191,4680,4997,3863,4104,3005
96,6,PS 274,09/29/2017,4288,3051,2584,4392,1396,4585,905,4709,633,5134,558,5031,804,4990,1702,5186,3426,5031,5184,4731,5152,4041,4380,3524
97,6,PS 274,09/30/2017,6041,5001,4415,6394,3393,6994,2656,7096,2253,7029,1693,7182,1766,6853,1953,6650,2425,6519,3291,6330,4299,5804,5428,5584
98,6,PS 274,10/01/2017,5248,3662,3090,5733,3851,5997,2874,6322,2303,6871,1924,6736,1949,6825,1575,6757,1689,6286,2521,6005,3569,5385,4275,4502
99,6,PS 274,10/02/2017,1912,1199,931,1839,915,1978,518,1951,432,1965,424,2287,570,2343,1070,2327,1567,2284,1902,2086,2064,1609,2004,1378
100,6,PS 274,10/03/2017,1903,1289,1073,1856,799,1923,524,1899,416,1912,425,2271,573,2329,1097,2065,1660,2388,2084,2069,2090,1806,1881,1523
101,6,PS 274,10/04/2017,1802,1303,1108,1844,909,1961,627,1857,508,2026,457,2318,592,2289,1144,2274,1643,2193,2045,1942,1917,1717,1858,1534
102,6,PS 274,10/05/2017,1867,1418,1235,1885,933,1998,686,2037,508,2201,481,2210,584,2336,1089,2444,1717,2242,2040,2119,2044,1763,1857,1529
103,6,PS 274,10/06/2017,1952,1794,1695,1866,1037,2033,795,1980,641,2235,531,2470,645,2396,1124,2446,1699,2223,2047,2204,2247,2036,1896,1759
104,6,PS 274,10/07/2017,2881,2399,2255,2882,1857,3070,1596,3391,1380,3298,1128,3445,1099,3250,1095,3443,1405,3212,1825,3093,2318,2937,2571,2747
105,6,PS 274,10/08/2017,2020,1834,1505,2444,1923,2548,1550,2796,1467,2894,1126,2947,1097,3163,809,3146,807,2935,1011,2712,1520,2319,1722,1965
106,6,PS 274,10/09/2017,812,342,261,805,262,815,191,852,134,882,129,999,140,1020,307,1079,578,1073,838,838,932,599,781,449
107,6,PS 274,10/10/2017,1030,436,352,918,218,936,138,1007,101,1040,113,1283,174,1552,437,1454,1219,1361,1932,1032,1679,699,1191,560
108,6,PS 274,10/11/2017,878,398,310,822,258,862,144,913,111,1100,111,1415,161,1537,431,1586,1293,1363,1945,1004,1605,687,1019,534
109,6,PS 274,10/12/2017,946,463,334,875,232,930,155,956,92,1131,106,1423,176,1459,446,1442,1255,1361,1944,1024,1663,751,1150,612
110,6,PS 274,10/13/2017,968,546,418,919,266,978,158,1054,118,1308,130,1564,181,1658,405,1610,1163,1399,1867,1102,1516,827,1188,665
111,6,PS 274,10/14/2017,885,568,510,959,375,1097,217,1125,223,1126,162,1091,218,1098,226,1098,365,1046,603,932,787,751,846,618
112,6,PS 274,10/15/2017,732,364,317,845,440,992,328,954,276,974,226,933,191,949,179,862,215,886,330,710,496,618,612,490
113,6,PS 274,10/28/2017,1108,1020,895,1165,749,1697,500,1407,331,1454,264,1547,262,1497,260,1532,461,1452,718,1315,887,1241,1005,1173
114,6,PS 274,10/29/2017,1057,709,590,1114,713,1210,472,1227,362,1329,301,1392,281,1328,307,1251,396,1343,484,983,707,1051,885,883
115,6,PS 274,10/30/2017,1150,953,682,1179,388,1319,221,1531,148,1835,174,1941,197,1979,445,2082,1116,1926,1952,1579,1573,1205,1431,1020
116,6,PS 274,10/31/2017,1170,974,847,1177,490,1324,260,1444,150,1766,163,1865,207,2026,429,2051,1084,1968,1551,1657,1537,1239,1218,1050
117,6,PS 274,11/01/2017,1132,1057,832,1111,570,1391,327,1515,230,1857,192,1996,208,2016,409,2060,1070,1891,1608,1695,1477,1225,1359,1014
118,6,PS 274,11/02/2017,1134,1158,931,1362,576,1344,326,1660,195,1812,175,1874,202,2118,423,1920,1109,1941,1702,1702,1532,1252,1288,1025
119,6,PS 274,11/03/2017,1254,1025,972,1180,598,1382,337,1536,233,1991,178,2033,202,2068,587,2001,1045,1756,1598,1555,1424,1139,1358,1005
120,6,PS 274,11/04/2017,2537,2301,2199,2833,1467,3295,1027,3069,755,3245,570,3145,601,3274,682,3212,1099,3111,1571,2928,2115,2885,2297,2590
121,6,PS 274,11/05/2017,2572,1648,1241,2661,1767,2590,1195,2655,745,2897,631,3011,525,2939,574,2813,934,2939,1186,2305,1647,2269,2140,1864
122,6,PS 274,11/06/2017,1459,939,749,1382,392,1459,226,1617,175,1677,150,1854,272,1966,683,1736,1549,1865,1689,1536,1636,1327,1566,1058
123,6,PS 274,11/07/2017,1562,828,748,1395,454,1411,245,1568,167,1462,151,1671,244,1801,613,1827,1414,1590,1571,1659,1547,1328,1497,932
124,6,PS 274,11/08/2017,1618,893,769,1519,475,1521,254,1698,182,1692,143,1954,250,1853,649,1739,1450,1717,1681,1569,1706,1402,1564,1003
125,6,PS 274,11/09/2017,1552,978,773,1393,474,1519,270,1664,207,1807,172,1980,294,1948,702,1714,1536,1700,1642,1741,1652,1497,1451,1123
126,6,PS 274,11/10/2017,1483,1117,929,1417,573,1508,364,1684,219,1801,178,1823,238,1902,603,1874,1343,1780,1518,1671,1491,1463,1439,1184
127,6,PS 274,11/11/2017,7669,6866,6628,7996,5225,8481,4287,9008,2963,9341,2541,9197,2377,9355,2394,9526,3581,9176,4700,8836,6023,8015,6816,7473
128,6,PS 274,11/12/2017,6855,4948,3940,7705,5480,7882,4259,8667,3381,9476,2666,9495,2465,9436,2060,8998,2665,8516,3618,7721,4572,6717,5732,5769
129,6,PS 274,11/13/2017,6560,4179,3472,6550,2404,6551,1416,6770,1085,7061,994,7440,1446,8037,3032,8302,6147,8001,7876,7029,7842,5641,7160,4810
130,6,PS 274,11/14/2017,6645,4615,3743,6559,2452,6656,1580,6400,1025,7251,899,7823,1286,8287,3034,8435,6254,8235,8241,7165,8201,6177,6901,5305
131,6,PS 274,11/15/2017,6635,4840,4230,6619,2599,6953,1741,7216,1160,7309,943,7825,1433,8364,3058,8810,6215,8585,8025,7770,8093,6355,7058,5688
132,6,PS 274,11/16/2017,6774,4720,4236,6621,2961,7062,1914,6973,1273,7327,993,7804,1463,8448,3094,8477,6118,8572,8408,7813,8666,6842,7580,5592
133,6,PS 274,11/17/2017,6936,5796,5372,6779,3166,7064,2164,7165,1506,7384,1167,8174,1600,8415,3113,8175,6138,8154,8249,7621,8354,7068,7419,6363
134,6,PS 274,11/18/2017,6787,5735,5422,6882,4449,7525,3819,7754,2802,7826,2202,7827,2025,8059,2036,8157,2955,7859,4083,7641,5265,7149,6220,6260
135,6,PS 274,11/19/2017,5783,4167,3473,6319,4750,6753,3706,7070,3033,7609,2412,7721,2120,7441,1778,7669,2288,7280,3100,6428,3960,5615,4775,4985
136,8,IS 74,01/20/2018,594,400,350,676,321,595,224,667,203,683,126,744,163,718,188,763,199,681,328,585,458,607,544,536
137,8,IS 74,01/21/2018,432,263,224,431,335,553,265,479,168,583,162,504,169,531,151,526,176,509,191,448,261,418,323,357
138,8,IS 74,01/22/2018,625,301,227,619,196,558,155,485,108,491,95,526,123,595,257,731,391,562,669,578,696,456,653,342
139,8,IS 74,01/23/2018,666,262,243,570,200,613,157,704,92,724,91,774,131,710,249,732,395,692,639,564,729,436,689,380
140,8,IS 74,01/24/2018,615,345,320,624,192,572,135,570,95,399,76,307,144,828,258,846,465,718,598,682,666,649,576,497
141,8,IS 74,01/25/2018,599,286,252,608,285,645,184,625,127,654,104,719,155,738,281,656,416,665,648,624,680,456,658,381
142,8,IS 74,01/26/2018,618,420,344,484,213,540,164,412,124,532,92,642,128,732,262,714,433,769,618,710,693,621,664,513
143,8,IS 74,01/27/2018,512,397,347,604,292,655,235,683,195,563,161,644,186,567,156,760,220,675,355,560,439,543,530,483
144,8,IS 74,01/28/2018,448,270,236,462,278,548,244,538,213,435,163,509,169,575,144,511,167,416,218,425,260,409,346,330
145,8,IS 74,10/28/2017,460,301,212,506,135,556,89,534,50,562,41,478,44,579,45,575,81,542,242,508,351,515,464,389
146,8,IS 74,10/29/2017,383,148,108,400,139,524,100,529,85,520,68,531,55,522,38,469,75,450,140,396,230,305,303,222
147,8,IS 74,10/30/2017,581,231,124,541,52,538,37,576,28,665,11,736,29,623,74,770,209,652,677,557,732,460,610,291
148,8,IS 74,10/31/2017,561,253,129,495,61,550,18,644,27,661,29,752,25,708,70,771,248,697,731,542,636,406,641,296
149,8,IS 74,11/01/2017,533,209,143,567,55,619,36,518,29,717,23,691,20,664,64,703,250,620,693,588,689,414,632,282
150,8,IS 74,11/02/2017,541,204,174,524,81,561,24,596,21,706,15,737,17,725,74,805,220,669,667,595,623,435,557,282
151,8,IS 74,11/03/2017,533,265,195,544,100,568,53,504,24,808,34,852,29,820,67,830,250,708,693,566,641,386,589,274
152,8,IS 74,11/04/2017,2804,2366,2102,3091,1514,2988,1206,3249,965,3017,777,3240,1018,3142,1197,3317,1596,3187,2142,3112,2564,2830,2831,2532
153,8,IS 74,11/05/2017,1996,1734,1414,2291,1828,2549,1495,2632,945,2625,919,2777,1016,2700,928,2754,1160,2829,1344,2586,1462,2439,1781,1924
154,8,IS 74,11/06/2017,2457,1461,1119,2629,1021,2537,766,2549,662,2498,746,2458,1249,2442,2121,2454,3311,2436,3029,2132,2769,1848,2686,1653
155,8,IS 74,11/07/2017,2546,1501,1379,2471,911,2507,644,2578,684,2670,712,2407,1021,2315,1924,2380,3107,2307,3041,2101,2745,1790,2635,1688
156,8,IS 74,11/08/2017,2716,1570,1288,2703,1006,2495,671,2660,691,2657,712,2519,1144,2498,2185,2469,3369,2454,3344,2247,2916,2050,2675,1817
157,8,IS 74,11/09/2017,2568,1802,1489,2524,1069,2735,753,2781,639,2724,705,2626,978,2460,2161,2568,3490,2424,3186,2353,2816,2091,2783,1851
158,8,IS 74,11/10/2017,2455,1999,1576,2671,1137,2646,840,2734,739,2605,788,2456,996,2523,1777,2331,2849,2492,2876,2380,2622,2095,2449,1915
159,8,IS 74,11/11/2017,2348,2077,1826,2297,1460,2504,1119,2695,918,2619,770,2543,936,2549,1120,2499,1515,2532,1833,2266,1969,2247,2050,2059
160,8,IS 74,11/12/2017,1961,1601,1375,2010,1784,2138,1287,2231,1007,2348,889,2383,955,2464,921,2468,1144,2525,1252,2146,1395,2168,1536,1827
161,10,PS 314,04/07/2018,440,255,312,513,213,535,129,547,96,564,64,597,64,637,75,711,121,693,219,512,253,365,385,279
162,10,PS 314,04/08/2018,423,167,109,500,237,621,137,630,103,846,69,819,54,836,54,708,136,836,182,853,252,721,305,485
163,10,PS 314,04/09/2018,588,149,104,583,53,596,43,606,30,769,27,794,40,1088,151,866,413,685,810,478,854,333,675,209
164,10,PS 314,04/10/2018,588,185,154,589,89,625,41,613,35,718,18,878,48,981,127,898,392,833,707,529,874,349,715,250
165,10,PS 314,04/11/2018,578,153,181,597,124,617,55,683,40,837,27,865,41,1000,133,1011,406,744,804,582,833,704,670,290
166,10,PS 314,04/12/2018,566,180,229,585,154,659,70,630,59,794,54,928,56,1094,179,1009,469,833,792,687,826,419,643,257
167,10,PS 314,04/13/2018,550,243,256,636,147,741,102,584,70,761,39,1170,59,1127,161,978,397,773,738,754,763,517,569,349
168,10,PS 314,04/14/2018,532,275,194,711,225,886,145,684,93,740,71,888,67,1049,86,996,121,920,227,778,338,425,438,300
169,10,PS 314,04/15/2018,362,130,97,402,139,567,70,669,44,829,37,786,18,830,26,743,80,824,146,651,233,380,305,181
170,10,PS 314,09/09/2017,2468,1724,1549,2698,863,2821,562,2809,465,2657,366,2669,344,2621,421,2673,711,2594,1363,2303,1748,2009,2199,1785
171,10,PS 314,09/10/2017,2462,1463,1139,2725,1160,2944,721,2928,523,2684,414,2627,389,2598,361,2575,522,2349,937,2298,1411,2115,1987,1664
172,10,PS 314,09/11/2017,2517,1258,1021,2532,672,2633,409,2669,279,2719,239,2771,255,2875,561,2930,1473,2749,2880,2522,2922,2055,2635,1664
173,10,PS 314,09/12/2017,2413,1254,1034,2467,572,2457,361,2480,227,2648,230,2729,299,2828,535,3000,1552,2891,2888,2569,2903,2134,2644,1523
174,10,PS 314,09/13/2017,2561,1270,1010,2459,586,2475,374,2583,277,2666,203,2709,267,2688,589,2973,1528,2917,2851,2676,2800,2017,2563,1577
175,10,PS 314,09/14/2017,2453,1335,1152,2418,624,2386,372,2435,249,2739,196,2778,291,2791,579,2990,1538,2927,2829,2559,2747,2109,2627,1569
176,10,PS 314,09/15/2017,2317,1490,1224,2321,667,2444,445,2581,284,2774,206,2966,319,3035,563,3129,1562,2880,2837,2459,2863,2043,2673,1676
177,10,PS 314,09/16/2017,2479,1679,1545,2587,857,2723,633,2902,486,2775,393,2602,349,2587,420,2601,678,2632,1307,2290,1930,1886,2465,1893
178,10,PS 314,09/17/2017,2525,1407,1090,2744,1192,2715,755,2876,631,2680,463,2617,388,2681,385,2433,545,2395,987,2247,1501,1997,2097,1629
179,10,PS 314,09/23/2017,1524,1412,1192,1542,864,1653,634,1655,470,1729,456,1708,482,1809,554,1752,700,1779,1148,1696,1308,1614,1382,1536
180,10,PS 314,09/24/2017,1539,1351,1068,1648,1010,1724,811,1878,661,1891,539,2025,485,2020,488,1887,612,1880,996,1685,1258,1562,1488,1368
181,10,PS 314,09/25/2017,2076,1249,983,2085,711,2227,498,2041,373,2087,335,2464,375,2474,836,2662,1787,2440,2758,2202,2743,1866,2465,1390
182,10,PS 314,09/26/2017,2023,1309,1018,2143,650,2063,495,1986,372,2302,327,2420,424,2614,770,2647,1798,2517,2723,2192,2926,1770,2520,1493
183,10,PS 314,09/27/2017,1941,1242,969,1910,719,2066,497,2022,373,2128,311,2406,382,2400,817,2594,1837,2541,2709,2270,2743,1987,2412,1565
184,10,PS 314,09/28/2017,2026,1312,1086,1996,729,1949,569,1963,432,2281,340,2389,426,2579,780,2745,1792,2653,2785,2288,2742,1980,2492,1549
185,10,PS 314,09/29/2017,1760,1240,1100,1947,812,1943,564,2121,446,2269,384,2563,452,2510,837,2405,1790,2183,2864,1887,2563,1665,2238,1486
186,10,PS 314,09/30/2017,1367,1324,1163,1495,849,1605,686,1619,507,1764,491,1688,478,1763,508,1668,711,1732,1071,1655,1220,1651,1318,1478
187,10,PS 314,10/01/2017,1518,1248,1032,1706,865,1872,761,2018,620,1864,498,1981,458,1917,479,1962,627,1847,910,1865,1272,1726,1480,1349
188,10,PS 314,10/21/2017,2278,1288,1193,2513,709,3035,517,2839,335,2847,267,2940,244,2944,369,2514,566,2396,867,2187,1541,1683,2003,1575
189,10,PS 314,10/22/2017,1839,1016,729,2351,829,2653,606,2832,431,2831,305,2774,278,2590,291,2745,387,2387,644,2194,1073,1514,1441,1282
190,10,PS 314,10/23/2017,2471,1000,614,2872,473,2934,299,2812,206,3029,169,3363,193,3540,477,3560,1137,3089,2513,2974,3453,1955,2848,1458
191,10,PS 314,10/24/2017,2574,1062,668,2469,400,2538,280,2786,140,3038,161,3213,175,3326,433,3547,1087,2978,2623,2514,3207,1929,2820,1450
192,10,PS 314,10/25/2017,2470,1084,682,2514,391,2766,271,2877,193,3151,150,3503,158,3303,447,3449,1219,2989,2678,2404,3236,1918,2656,1574
193,10,PS 314,10/26/2017,2512,1086,696,2616,482,2761,296,2888,179,3050,126,3549,188,3552,475,3546,1134,2960,2509,2424,3263,1893,2752,1542
194,10,PS 314,10/27/2017,2358,1124,938,2496,490,2787,292,3012,217,3346,153,3746,197,3871,456,3556,1104,3177,2590,2522,3304,2064,2559,1491
195,10,PS 314,10/28/2017,4335,3987,3493,4644,2608,5068,2391,5294,1924,5280,1642,5507,1205,5271,1167,5029,1560,4746,2513,4921,3138,4471,3893,4356
196,10,PS 314,10/29/2017,4208,2544,2064,4823,3093,5339,2743,5557,2236,5540,1779,5623,1442,5312,1161,4937,1391,4789,2041,4164,2738,3939,3438,3201
197,10,PS 314,10/30/2017,2830,1937,1647,2857,926,2915,606,2950,457,3047,398,3311,475,3352,866,3267,1906,3174,3028,2819,3327,2496,3018,2272
198,10,PS 314,10/31/2017,2723,2169,2201,2930,1160,2791,702,2789,483,3008,410,2786,497,3089,839,2937,1789,2902,2979,2764,3297,2703,3079,2508
199,10,PS 314,11/01/2017,3021,2027,1676,2898,1829,2820,944,2910,661,2781,466,2858,510,3056,975,3164,1798,3172,2820,2845,3161,2513,2948,2256
200,10,PS 314,11/02/2017,3006,2373,2091,2834,1390,3096,891,3144,580,3084,433,3302,531,3248,954,3210,1863,3290,3034,3169,3241,2770,3090,2642
201,10,PS 314,11/03/2017,3094,2220,2047,2986,1777,3078,1189,3024,745,3133,513,3408,592,3366,918,3202,1961,3065,2888,2826,3439,2436,3028,2261
202,10,PS 314,11/04/2017,2478,2535,2321,2580,1839,2802,1780,2766,1429,2837,1079,2649,771,2646,728,2777,1201,2770,1746,3080,2009,2759,2178,2718
203,10,PS 314,11/05/2017,2349,1788,1400,2644,2134,2739,1949,2751,1234,2774,924,2855,719,2880,593,2913,1120,2701,1500,2527,1755,2319,2201,1937
204,10,PS 314,11/06/2017,191,94,55,165,31,142,18,224,19,212,12,203,30,240,81,247,214,210,365,157,313,144,199,92
205,10,PS 314,11/07/2017,199,112,57,203,32,240,24,208,19,213,15,202,33,275,93,245,209,214,363,182,266,119,216,104
206,10,PS 314,11/08/2017,216,87,64,184,33,188,33,164,14,239,25,201,32,249,103,242,200,234,451,163,286,105,218,98
207,10,PS 314,11/09/2017,189,99,51,182,28,165,26,212,11,215,10,194,19,243,98,234,219,225,389,160,340,125,214,125
208,10,PS 314,11/10/2017,187,109,70,214,46,179,43,280,12,216,8,219,33,231,73,253,192,218,351,144,275,146,232,132
209,10,PS 314,11/11/2017,5817,5510,4658,6139,3208,6100,2404,6384,1701,6649,1363,7069,1463,6919,1811,6874,2858,7069,4028,7258,5134,6733,5585,5999
210,10,PS 314,11/12/2017,6567,4481,3342,6796,3753,7371,2669,7566,1994,7661,1603,7477,1657,7601,1667,7402,2365,7167,3516,6545,4606,5998,5931,5248
211,10,PS 314,11/13/2017,6583,4347,3414,6535,2160,6878,1241,7111,955,7832,744,7943,1234,8206,2631,8339,5461,7651,7474,7135,7420,6328,7078,5218
212,10,PS 314,11/14/2017,6567,4832,3680,6689,2196,6729,1358,7212,863,8135,767,8020,1235,8170,2792,8266,5425,7985,7968,7541,7919,6536,7363,5548
213,10,PS 314,11/15/2017,6736,4882,3869,6663,2361,6827,1502,7227,1033,8036,883,8147,1328,8176,2768,8216,5691,7764,7979,7462,7691,6801,7291,5619
214,10,PS 314,11/16/2017,7097,5068,3775,7051,2448,7301,1556,7581,975,8146,917,8007,1315,8110,2699,8119,4913,8418,7326,7726,7543,7090,7114,6070
215,10,PS 314,11/17/2017,7168,4621,4320,7394,2761,7730,1751,7871,1194,8443,1080,7651,1474,7052,2773,6955,5356,6429,7925,6186,7783,5885,7435,5468
216,10,PS 314,11/18/2017,5761,5072,4730,6143,3348,6366,2584,6432,1790,6333,1549,6295,1610,6103,2015,5919,2968,6009,4031,6402,4913,6224,5527,5710
217,10,PS 314,11/19/2017,6490,4380,3173,6987,3549,7674,2652,7638,1864,7940,1598,7681,1464,7729,1495,7053,2084,6362,3065,5930,4355,5950,5615,5263
218,13,Maspeth,03/04/2017,1135,700,553,1424,348,1433,253,1449,171,1352,103,1324,110,1358,202,1254,314,1312,509,1015,773,951,900,701
219,13,Maspeth,03/05/2017,804,372,234,966,353,1192,222,1201,186,1177,139,1208,109,1151,143,1080,268,1006,337,939,588,670,836,537
220,13,Maspeth,03/06/2017,885,416,265,947,171,911,83,972,54,1201,61,1524,132,1587,353,1509,860,1360,1346,1002,1240,773,974,504
221,13,Maspeth,03/07/2017,904,454,309,888,180,892,82,1045,60,1257,79,1394,147,1537,385,1544,872,1386,1320,1044,1230,773,899,578
222,13,Maspeth,03/08/2017,942,470,314,905,184,964,106,1097,56,1336,69,1558,128,1496,331,1495,863,1499,1317,1226,1273,859,878,676
223,13,Maspeth,03/09/2017,1000,436,349,1125,184,992,108,1150,65,1272,67,1499,125,1433,367,1495,867,1450,1299,1318,1170,974,911,638
224,13,Maspeth,03/10/2017,755,582,419,770,216,803,129,919,75,1184,81,1398,164,1429,360,1497,820,1310,1320,1040,1208,840,821,661
225,13,Maspeth,03/11/2017,1088,620,469,1224,328,1355,202,1289,117,1322,90,1369,112,1384,182,1235,300,1242,571,1009,695,853,941,740
226,13,Maspeth,03/12/2017,744,420,293,935,362,1156,214,1207,0,1261,174,1202,142,1137,133,1010,177,1061,255,949,382,761,555,599
227,13,Maspeth,09/09/2017,1011,936,838,1237,757,1107,706,1212,549,1244,481,1272,417,1223,332,1232,446,1248,571,1225,754,1041,893,981
228,13,Maspeth,09/10/2017,729,670,620,892,782,1008,654,1059,601,1206,529,1175,503,1221,300,1145,251,1093,333,1071,446,929,596,789
229,13,Maspeth,09/11/2017,1101,597,501,1107,518,1149,356,1048,286,1172,251,1273,288,1301,398,1384,772,1172,1358,1040,1379,966,1099,756
230,13,Maspeth,09/12/2017,1067,664,529,1118,421,1074,293,978,227,1093,192,1159,295,1199,360,1381,767,1207,1229,1081,1289,908,1028,717
231,13,Maspeth,09/13/2017,1040,657,518,1130,432,1078,372,1139,278,1189,217,1229,318,1349,367,1408,759,1387,1233,1168,1333,912,1106,771
232,13,Maspeth,09/14/2017,996,743,667,1029,419,1237,344,1162,277,1277,237,1227,301,1307,376,1421,767,1180,1203,1122,1185,1044,988,842
233,13,Maspeth,09/15/2017,1226,906,842,1222,441,1168,377,1098,307,1268,343,1325,385,1431,376,1447,838,1339,1269,1221,1281,1025,1092,930
234,13,Maspeth,09/16/2017,1105,955,945,1202,748,1230,614,1241,543,1139,467,1221,457,1276,355,1318,462,1205,546,1066,785,1074,910,1062
235,13,Maspeth,09/17/2017,792,680,555,829,846,947,793,1026,606,1124,526,1063,458,1130,298,1080,280,1098,331,973,416,895,618,727
236,13,Maspeth,09/23/2017,1544,1206,1047,1661,712,1910,464,1842,375,1788,320,1843,358,1880,410,1742,692,1697,1009,1530,1231,1432,1401,1271
237,13,Maspeth,09/24/2017,1215,811,542,1221,756,1439,566,1543,477,1529,333,1656,328,1793,318,1750,429,1431,584,1434,774,1322,921,1117
238,13,Maspeth,09/25/2017,1876,753,564,1605,399,1645,240,1738,185,1994,172,2610,317,2523,863,2241,2173,2283,2675,1687,2544,1092,2342,921
239,13,Maspeth,09/26/2017,1746,730,579,1595,377,1582,228,1633,175,1918,170,2132,317,2431,918,2422,2228,2046,2578,1609,2441,1120,2219,970
240,13,Maspeth,09/27/2017,1753,853,638,1613,356,1877,252,1687,188,2094,205,2762,323,2273,977,2580,2294,2523,2452,1640,2381,1182,2200,959
241,13,Maspeth,09/28/2017,1662,826,671,1662,414,1760,280,1811,208,2100,212,2540,334,2687,1363,2688,2452,2363,2591,1981,2528,1363,2264,1075
242,13,Maspeth,09/29/2017,1697,977,953,1678,505,1760,330,1871,217,2180,216,2591,360,2560,957,2601,2148,2335,2635,1766,2437,1467,2111,1112
243,13,Maspeth,09/30/2017,5571,4468,3553,5974,2749,6395,1821,6475,1377,6474,1206,6560,1511,6377,1748,6102,2823,6104,3758,5567,4482,5350,5308,4987
244,13,Maspeth,10/01/2017,4809,3297,2481,5525,2861,5995,1945,6066,1491,6107,1162,6095,1275,5903,1277,6023,1737,5593,2217,5464,3448,4822,4134,4015
245,13,Maspeth,10/02/2017,4239,2391,1777,4032,1307,4348,774,4471,519,4879,575,5131,989,5234,2282,5251,4269,5130,5110,4370,4998,3670,4478,3028
246,13,Maspeth,10/03/2017,4496,2612,1947,4420,1201,4521,798,4848,594,5018,585,5309,1010,5193,2334,5334,4315,5024,5475,4403,5041,3634,4610,2984
247,13,Maspeth,10/04/2017,4244,2577,1975,4542,1298,4329,872,4606,559,5076,683,5074,1072,5187,2304,5285,4373,4790,5385,4220,5146,3557,4551,3087
248,13,Maspeth,10/05/2017,4051,2730,2109,4157,1314,4296,851,4531,629,4928,686,5252,1014,4959,2487,5142,4331,4842,5303,4275,5076,3498,4373,3071
249,13,Maspeth,10/06/2017,4163,3244,2762,4094,1589,4335,958,4467,716,5173,736,5295,1088,5344,2397,5271,4315,5039,5269,4652,5043,4066,4332,3534
250,13,Maspeth,10/07/2017,4449,3051,2617,4710,2083,4954,1564,4834,1161,4797,947,4713,1082,4674,1449,4795,2111,4519,2910,4577,3544,3985,4108,3680
251,13,Maspeth,10/08/2017,3562,2562,2081,4074,2157,4319,1609,4693,1241,4753,968,4564,948,4352,893,4572,1228,4365,1629,4026,2286,3556,3003,2975
252,24,IS 52,01/20/2018,829,821,678,900,517,943,400,1093,310,1152,277,1149,317,1156,239,1135,321,1139,469,1044,632,940,789,912
253,24,IS 52,01/21/2018,698,555,404,722,647,823,516,935,452,1002,357,1038,337,992,248,987,252,956,363,854,406,755,473,664
254,24,IS 52,01/22/2018,920,491,490,919,292,926,246,950,177,1062,177,1149,208,1303,360,1363,618,993,1201,845,1272,710,952,573
255,24,IS 52,01/23/2018,968,514,452,995,283,1006,189,892,172,1026,145,1078,201,1157,362,1222,589,1081,1141,900,1289,742,1010,801
256,24,IS 52,01/24/2018,1003,545,471,930,301,995,212,1042,153,1130,147,1277,187,1265,372,1271,643,1128,1169,1021,1271,828,994,722
257,24,IS 52,01/25/2018,984,571,469,961,285,951,203,997,137,1049,162,1212,201,1224,438,1186,723,1166,1039,913,1100,789,1094,702
258,24,IS 52,01/26/2018,992,642,514,956,290,1046,234,1046,159,1160,155,1252,234,1337,420,1200,738,1146,1091,1114,1037,838,1122,792
259,24,IS 52,01/27/2018,931,782,698,1040,532,1010,408,1066,373,1058,362,1112,384,1107,329,1117,413,1042,561,1046,728,993,828,919
260,24,IS 52,01/28/2018,642,603,580,846,526,822,501,918,348,1047,310,917,283,1017,253,907,271,998,351,929,423,825,556,689
261,24,IS 52,09/23/2017,69,71,87,92,62,107,62,126,42,105,41,102,36,101,25,121,26,108,53,124,68,112,71,101
262,24,IS 52,09/24/2017,84,57,51,91,71,78,51,106,60,101,39,96,33,89,29,117,28,85,16,104,39,110,59,64
263,24,IS 52,09/25/2017,108,56,43,108,35,88,45,109,21,131,21,146,14,154,41,180,58,140,131,113,198,71,120,67
264,24,IS 52,09/26/2017,100,77,61,100,30,99,23,95,9,133,13,128,12,176,26,145,64,137,142,97,207,87,152,56
265,24,IS 52,09/27/2017,79,81,52,87,33,98,29,102,15,124,14,150,13,166,32,164,49,134,119,113,193,89,134,65
266,24,IS 52,09/28/2017,66,88,48,97,33,89,14,105,24,113,13,156,20,156,27,129,52,131,151,107,232,103,144,89
267,24,IS 52,09/29/2017,101,108,74,114,35,110,42,121,28,120,23,172,16,151,39,156,74,121,140,148,215,107,149,86
268,24,IS 52,09/30/2017,1314,1230,1117,1447,827,1486,706,1647,540,1693,418,1673,443,1680,471,1720,532,1649,738,1531,914,1499,1273,1304
269,24,IS 52,10/01/2017,1092,895,684,1352,844,1342,750,1495,589,1575,489,1532,458,1556,436,1397,473,1534,554,1491,653,1263,822,1113
270,24,IS 52,10/02/2017,1431,669,563,1423,487,1445,333,1566,266,1696,247,1760,327,1941,506,1878,984,1656,1614,1331,1800,1125,1585,914
271,24,IS 52,10/03/2017,1565,733,607,1523,421,1478,304,1427,221,1659,216,1791,303,1955,510,1738,1022,1654,1613,1381,1711,1213,1590,998
272,24,IS 52,10/04/2017,1439,729,575,1473,443,1453,315,1591,214,1748,210,1814,320,1863,530,1867,946,1722,1602,1437,1712,1119,1582,964
273,24,IS 52,10/05/2017,1471,810,666,1427,457,1455,308,1617,209,1808,233,1939,302,1848,541,1843,971,1641,1604,1439,1690,1197,1592,1013
274,24,IS 52,10/06/2017,1472,1096,996,1465,463,1668,354,1667,280,1823,292,1953,321,2065,547,1875,988,1859,1697,1712,1596,1472,1637,1294
275,24,IS 52,10/07/2017,1352,1140,1057,1402,854,1480,597,1496,503,1598,427,1694,446,1586,457,1535,490,1542,776,1524,936,1478,1144,1296
276,24,IS 52,10/08/2017,914,911,867,1077,818,1144,736,1302,545,1429,490,1375,473,1379,396,1432,387,1282,540,1214,630,1180,765,962
277,25,Millbrook,04/07/2018,518,474,350,656,242,705,126,624,103,610,71,572,65,587,112,504,210,520,290,631,465,538,558,489
278,25,Millbrook,04/08/2018,609,351,222,563,278,503,125,533,102,550,76,517,95,431,101,500,126,539,188,532,406,479,400,376
279,25,Millbrook,04/09/2018,492,319,214,402,145,508,80,441,75,489,72,439,93,450,169,531,313,540,527,495,575,479,566,368
280,25,Millbrook,04/10/2018,516,375,239,491,149,539,103,504,65,457,58,445,92,481,155,547,350,473,513,543,582,477,593,440
281,25,Millbrook,04/11/2018,470,321,216,440,161,467,116,440,70,442,60,447,83,464,163,544,313,496,561,484,528,503,532,365
282,25,Millbrook,04/12/2018,353,332,266,362,147,407,75,430,80,361,46,408,76,467,166,426,298,513,484,464,564,504,443,418
283,25,Millbrook,04/13/2018,399,441,324,400,174,371,111,441,73,468,53,443,75,462,143,547,283,463,434,515,340,500,423,478
284,25,Millbrook,04/14/2018,549,434,365,514,224,550,159,604,115,615,77,585,77,671,73,610,163,568,279,621,355,624,499,495
285,25,Millbrook,04/15/2018,574,272,196,576,275,566,145,623,109,525,91,608,80,505,79,517,105,496,162,495,273,466,530,328
286,34,White Plains,03/03/2018,1088,859,927,1295,603,1158,553,1325,367,1384,361,1420,405,1395,333,1389,405,1282,668,1254,822,1175,1026,1006
287,34,White Plains,03/04/2018,884,695,571,964,810,1074,680,1052,540,1140,504,1230,582,1174,378,1062,329,1068,462,935,499,950,747,815
288,34,White Plains,03/05/2018,1033,587,529,1127,494,1177,333,1175,245,1281,206,1375,295,1268,441,1291,828,1235,1339,1126,1360,942,1177,764
289,34,White Plains,03/06/2018,1311,717,565,1155,366,1144,270,1253,232,1318,154,1469,236,1382,418,1316,838,1311,1274,1180,1376,1040,1259,830
290,34,White Plains,03/07/2018,904,289,312,836,423,911,311,924,211,1030,200,997,239,859,332,658,627,548,1010,451,998,429,919,380
291,34,White Plains,03/08/2018,975,703,580,1021,235,1147,191,1000,165,1184,120,1288,196,1371,335,1429,669,1295,1176,1186,1265,938,1008,760
292,34,White Plains,03/09/2018,1098,956,770,1177,437,1120,305,1233,275,1398,198,1349,265,1348,421,1406,786,1369,1280,1100,1374,875,1182,1035
293,34,White Plains,03/10/2018,1211,920,802,1110,620,1273,565,1350,428,1426,405,1564,366,1405,351,1378,416,1283,703,1251,865,1172,1068,974
294,34,White Plains,03/12/2018,1216,644,506,1101,509,1121,415,1135,327,1360,202,1500,276,1294,351,1324,779,1328,1295,1046,1353,954,1251,784
295,34,White Plains,03/13/2018,976,667,602,1032,389,982,292,1253,192,1367,138,1434,199,1441,390,1513,692,1415,1276,1115,1230,964,1048,782
296,34,White Plains,03/14/2018,1074,707,679,1072,444,1160,323,1241,219,1333,166,1477,255,1418,400,1295,759,1315,1281,1299,1310,1023,1257,865
297,34,White Plains,03/15/2018,1039,772,564,1025,436,1080,303,1145,229,1292,184,1136,252,1149,368,1118,735,1165,1303,1136,1260,1008,1215,856
298,34,White Plains,09/23/2017,797,653,667,826,548,813,499,927,395,927,343,930,295,928,274,928,353,924,547,865,575,830,637,818
299,34,White Plains,09/24/2017,770,509,455,799,553,917,442,919,407,964,290,928,288,887,301,728,297,736,438,743,531,688,597,636
300,34,White Plains,09/25/2017,605,481,404,697,354,716,274,628,202,677,167,847,194,760,261,709,467,714,690,712,670,682,597,518
301,34,White Plains,09/26/2017,597,513,441,645,306,685,226,687,136,746,159,718,150,751,267,709,501,706,677,766,663,665,613,565
302,34,White Plains,09/27/2017,643,484,440,639,330,615,276,711,150,705,163,733,154,724,278,736,506,756,673,727,690,700,635,601
303,34,White Plains,09/28/2017,610,525,467,631,322,677,225,648,176,699,173,779,145,770,281,781,466,831,676,732,699,710,621,572
304,34,White Plains,09/29/2017,653,695,626,711,339,704,245,714,192,768,172,859,188,871,279,860,475,916,654,932,635,828,577,697
305,34,White Plains,09/30/2017,746,630,628,761,543,846,459,902,377,948,318,966,316,943,274,930,356,936,475,874,557,819,614,717
306,34,White Plains,10/01/2017,773,484,433,802,508,816,449,961,382,996,289,926,307,806,313,704,310,691,422,727,488,644,654,558
307,46,Babylon,09/23/2017,900,764,675,1049,459,1188,411,1195,362,1217,279,1272,312,1277,278,1145,426,1151,637,1057,811,884,926,837
308,46,Babylon,09/24/2017,600,604,446,769,517,928,478,867,382,965,361,1041,282,1101,263,1194,347,1074,422,1022,447,1030,515,826
309,46,Babylon,09/25/2017,1348,454,397,1400,299,1379,232,1475,188,1639,178,1706,213,1662,448,1698,1047,1458,1387,965,1665,708,1719,541
310,46,Babylon,09/26/2017,1088,496,416,1160,288,1075,202,1077,172,1237,178,1447,217,1609,443,1694,1066,1420,1409,913,1627,699,1379,589
311,46,Babylon,09/27/2017,1464,457,376,1370,323,1174,218,1213,162,1556,160,1750,201,1737,452,1666,1222,1578,1411,1053,1517,732,1345,576
312,46,Babylon,09/28/2017,1217,516,416,1291,338,1495,263,1382,159,1626,198,1684,234,1516,445,1657,1073,1615,1197,1386,1027,1167,1247,714
313,46,Babylon,09/29/2017,1135,625,430,1233,312,1268,233,1348,210,1420,191,1650,243,1720,459,1464,1026,1395,1265,1188,1188,1091,1276,773
314,46,Babylon,09/30/2017,980,706,632,1024,500,1177,395,1243,333,1443,282,1187,305,1288,283,1299,437,1098,613,1010,720,840,767,833
315,46,Babylon,10/01/2017,657,618,424,922,533,924,415,1047,383,1156,324,1193,329,1121,275,1263,377,1394,349,1451,442,1226,583,913
316,53,Eisenhower Park,09/23/2017,518,343,302,528,262,563,208,582,178,572,152,625,135,575,114,580,209,608,249,513,363,449,419,386
317,53,Eisenhower Park,09/24/2017,381,271,208,405,250,424,217,416,166,420,149,394,155,391,106,457,149,402,197,355,219,313,259,338
318,53,Eisenhower Park,09/25/2017,601,268,208,717,156,766,165,591,139,720,92,613,118,695,154,793,346,692,721,540,774,412,707,301
319,53,Eisenhower Park,09/26/2017,646,266,224,589,147,648,111,721,89,745,76,850,143,1062,245,793,459,661,709,470,788,442,615,270
320,53,Eisenhower Park,09/27/2017,632,280,211,682,155,816,97,750,84,747,90,842,150,774,272,757,477,700,668,545,702,404,784,344
321,53,Eisenhower Park,09/28/2017,624,200,188,556,152,547,80,520,78,659,83,686,117,711,223,636,403,396,641,421,771,344,610,303
322,53,Eisenhower Park,09/29/2017,557,317,292,531,120,596,97,568,78,720,70,678,116,786,245,681,379,537,553,487,544,450,539,361
323,53,Eisenhower Park,09/30/2017,452,345,320,462,274,495,189,563,180,517,184,545,182,496,167,495,216,525,265,501,283,423,370,407
324,53,Eisenhower Park,10/01/2017,353,257,186,379,251,439,226,475,225,493,204,437,166,486,120,447,145,423,204,411,242,338,325,303
325,53,Eisenhower Park,10/07/2017,182,114,108,221,116,245,89,211,55,235,43,255,57,258,34,246,52,251,86,231,107,204,138,129
326,53,Eisenhower Park,10/08/2017,86,154,126,166,97,171,55,190,39,226,46,230,35,228,28,275,32,388,33,382,59,180,85,165
327,53,Eisenhower Park,10/09/2017,107,246,189,136,90,140,25,199,15,278,11,362,10,342,14,379,35,511,65,330,79,190,79,200
328,53,Eisenhower Park,10/10/2017,258,120,83,291,106,271,25,201,16,248,13,325,11,391,38,473,86,420,188,321,243,229,287,154
329,53,Eisenhower Park,10/11/2017,253,98,62,239,70,293,42,269,23,299,19,376,14,395,29,362,73,383,201,277,298,169,260,117
330,53,Eisenhower Park,10/12/2017,231,151,90,208,69,205,30,232,30,256,23,379,19,423,29,374,70,341,191,311,239,280,252,171
331,53,Eisenhower Park,10/13/2017,249,122,92,263,64,270,29,274,27,381,19,416,22,450,20,425,87,387,181,342,292,264,272,225
332,53,Eisenhower Park,10/14/2017,184,105,105,230,124,242,95,233,52,211,61,281,58,262,53,254,82,236,90,231,108,216,134,150
333,53,Eisenhower Park,10/15/2017,90,174,123,158,108,196,59,179,43,208,49,238,37,256,30,257,39,391,46,373,79,185,89,192
334,53,Eisenhower Park,10/21/2017,95,37,47,134,27,151,17,139,14,136,10,138,10,119,6,121,17,120,56,120,67,75,89,57
335,53,Eisenhower Park,10/22/2017,83,49,29,119,22,130,15,146,14,115,9,109,12,123,8,130,9,101,22,83,33,60,63,32
336,53,Eisenhower Park,10/23/2017,88,37,28,99,27,131,28,106,14,140,8,132,10,140,10,155,38,114,99,91,114,68,70,73
337,53,Eisenhower Park,10/24/2017,84,27,42,131,13,121,9,115,5,156,1,130,8,143,9,137,35,129,119,122,149,72,72,41
338,53,Eisenhower Park,10/25/2017,88,36,32,121,18,124,12,143,8,168,6,135,9,146,13,135,42,96,144,84,124,63,97,42
339,53,Eisenhower Park,10/26/2017,74,45,33,97,21,115,12,148,9,168,4,139,6,164,12,146,41,134,101,135,107,105,57,54
340,53,Eisenhower Park,10/27/2017,86,41,49,97,16,145,16,131,9,181,4,144,7,170,12,156,32,150,104,146,130,109,95,53
341,53,Eisenhower Park,10/28/2017,113,39,38,117,25,146,17,123,22,152,12,126,6,123,7,128,29,108,54,114,78,81,92,52
342,53,Eisenhower Park,10/29/2017,58,36,33,86,14,117,9,107,13,92,7,106,18,98,12,117,19,90,24,73,42,48,61,40
343,53,Eisenhower Park,11/04/2017,1317,756,686,1494,412,1493,245,1557,148,1471,111,1422,89,1487,171,1518,262,1470,617,1576,1014,1173,1235,930
344,53,Eisenhower Park,11/05/2017,1195,435,278,1431,498,1536,370,1510,80,1476,75,1339,73,1503,145,1336,217,1215,410,1033,746,815,997,570
345,53,Eisenhower Park,11/06/2017,993,571,417,1024,133,1146,76,1135,36,1383,47,1332,123,1468,425,1462,1016,1469,1853,1351,1587,1004,1352,752
346,53,Eisenhower Park,11/07/2017,1249,498,336,1100,211,1179,116,1137,54,1184,57,1218,110,1148,403,1283,879,1222,1655,1225,1522,963,1407,766
347,53,Eisenhower Park,11/08/2017,1205,648,422,1141,198,1157,89,1237,51,1374,35,1408,126,1409,472,1664,1087,1471,1867,1365,1715,1185,1427,799
348,53,Eisenhower Park,11/09/2017,1132,682,452,1094,219,1291,100,1420,51,1617,56,1582,106,1743,488,1859,1085,1721,1971,1677,1672,1379,1338,1044
349,53,Eisenhower Park,11/10/2017,1190,707,512,1147,259,1255,96,1164,67,1289,56,1252,132,1243,436,1266,1015,1346,1841,1436,1752,1082,1398,944
350,53,Eisenhower Park,11/11/2017,1729,1102,1041,2127,586,2019,382,2120,255,1843,200,1986,192,1974,265,1952,369,2107,834,2001,1275,1766,1641,1412
351,53,Eisenhower Park,11/12/2017,1814,637,440,2129,729,2201,486,2028,235,1960,167,2151,194,2130,252,1712,375,1622,544,1394,1063,1167,1425,896
352,53,Eisenhower Park,11/13/2017,542,243,182,545,117,609,71,578,66,613,50,641,63,688,156,761,321,719,635,683,812,530,668,392
353,53,Eisenhower Park,11/14/2017,562,254,166,557,104,625,56,603,42,553,48,699,58,672,132,693,283,654,614,532,697,457,595,336
354,53,Eisenhower Park,11/15/2017,541,241,186,632,98,645,61,686,53,598,34,611,63,613,130,677,341,687,624,641,668,482,706,336
355,53,Eisenhower Park,11/16/2017,575,354,231,611,122,590,83,583,38,599,46,691,59,673,142,701,282,643,605,599,713,462,577,332
356,53,Eisenhower Park,11/17/2017,581,254,206,621,127,695,133,721,67,728,45,711,77,639,160,553,316,516,596,437,728,326,616,309
357,53,Eisenhower Park,11/18/2017,408,308,253,462,188,488,164,481,116,475,101,436,102,439,93,485,126,469,222,462,312,406,351,352
358,53,Eisenhower Park,11/19/2017,528,259,146,662,237,729,190,641,141,634,120,564,110,538,84,516,103,462,163,457,349,357,499,312
359,57,NYBG,04/07/2018,5351,4509,3883,6741,2920,7859,1769,4718,1138,5959,902,7495,988,8125,1164,7634,2156,7236,3188,6582,4040,5504,4663,4911
360,57,NYBG,04/08/2018,4834,3090,2415,5420,3107,6538,1986,7393,1418,7908,1095,7451,1002,8013,1017,8048,1537,6800,2112,6097,2683,5117,3416,4071
361,57,NYBG,04/09/2018,5031,2985,2405,4888,1692,4892,798,5372,535,6357,499,7339,834,8040,2312,7626,5685,7311,7649,5790,6781,4549,6364,3667
362,57,NYBG,04/10/2018,5490,3322,2859,5629,1610,5724,786,5489,479,6616,502,7222,805,7291,2377,7838,5988,7520,7264,6042,6358,4725,5730,3977
363,57,NYBG,04/11/2018,4944,3471,3037,5785,1752,5758,964,5922,650,6754,601,7627,897,7884,2114,7467,5201,7775,6043,5810,6093,5017,5557,4349
364,57,NYBG,04/12/2018,5208,3661,2974,5325,1754,5545,925,5897,595,7348,542,7379,790,7747,2402,8190,5756,7572,6608,6837,6046,5469,5366,4480
365,57,NYBG,04/13/2018,5475,4161,3680,5929,2002,6373,1071,6415,703,7102,629,7445,852,7969,2083,7930,4536,7677,5293,6821,6019,5672,5810,4636
366,57,NYBG,04/14/2018,5390,3770,3419,6271,2562,6995,1673,4352,1035,5604,824,7056,853,7479,1017,6688,1933,6854,2945,5946,3832,5185,4370,4099
367,57,NYBG,04/15/2018,4512,2734,2130,4972,2564,5924,1734,6783,1334,7099,995,6908,876,7241,938,7275,1396,6347,1835,5574,2324,4655,3182,3640
368,57,NYBG,09/23/2017,1788,950,875,1942,672,2129,354,2235,361,2351,311,2306,308,2335,318,2032,523,2324,902,1960,1259,1562,1530,1073
369,57,NYBG,09/24/2017,1206,718,609,1629,623,1484,568,1566,391,1723,278,1826,250,1849,198,1866,353,1801,588,1738,701,1407,921,952
370,57,NYBG,09/25/2017,1989,866,684,2223,363,2174,267,2232,214,2530,155,2872,306,2715,668,2540,1515,2023,2594,1685,2469,1321,2105,1006
371,57,NYBG,09/26/2017,2049,785,640,2270,394,2199,240,2178,170,2443,136,2562,325,2716,702,2757,1527,2200,2772,1783,2619,1427,2212,1086
372,57,NYBG,09/27/2017,2002,745,604,2099,377,2220,283,2276,159,2479,142,2652,315,2671,668,2743,1613,2202,2663,1715,2500,1367,1948,1015
373,57,NYBG,09/28/2017,2003,830,642,2105,421,2206,280,2213,141,2470,149,2551,262,2657,708,2544,1563,2118,2744,1947,2443,1446,2099,1030
374,57,NYBG,09/29/2017,2127,1048,897,2267,384,2334,254,2463,185,2556,184,2891,312,2954,636,2748,1372,2471,2277,1996,2442,1563,2005,1213
375,57,NYBG,09/30/2017,1790,871,749,2090,565,2113,402,2397,329,2300,254,2274,283,2196,309,1970,552,2033,921,1897,1259,1347,1494,1025
376,57,NYBG,10/01/2017,1164,674,566,1476,591,1551,404,1694,297,1841,245,1873,274,1824,199,1885,352,2140,571,1930,670,1565,904,950
377,57,NYBG,10/07/2017,356,288,231,435,221,518,107,459,107,534,95,565,101,502,116,499,168,469,318,463,362,356,353,305
378,57,NYBG,10/08/2017,182,248,280,229,191,232,136,330,117,309,109,389,111,367,107,350,126,349,227,337,209,311,201,212
379,57,NYBG,10/09/2017,310,182,226,345,160,339,115,392,70,406,64,446,90,447,141,411,283,382,422,394,385,236,339,201
380,57,NYBG,10/10/2017,588,238,184,628,152,555,61,557,64,677,63,691,82,799,228,659,447,544,889,506,894,365,741,287
381,57,NYBG,10/11/2017,572,209,169,581,145,534,93,538,65,625,77,625,73,689,199,690,411,662,840,463,769,345,611,296
382,57,NYBG,10/12/2017,615,231,195,583,128,538,91,532,66,603,73,584,90,736,198,687,379,671,914,539,944,415,708,319
383,57,NYBG,10/13/2017,622,283,196,499,156,604,94,600,84,615,74,670,85,749,213,651,456,686,973,594,992,430,732,338
384,57,NYBG,10/14/2017,386,281,234,433,216,440,107,486,121,512,110,603,99,528,118,505,148,466,300,446,345,354,381,333
385,57,NYBG,10/15/2017,270,209,156,271,227,273,139,360,117,381,84,389,101,331,98,350,115,361,215,337,208,294,213,240
386,57,NYBG,10/28/2017,157,142,109,147,96,184,52,193,37,200,25,249,14,185,24,211,70,185,95,152,103,195,167,137
387,57,NYBG,10/29/2017,165,101,85,151,74,176,57,205,45,224,41,189,38,133,24,131,41,128,57,168,62,159,107,119
388,57,NYBG,10/30/2017,139,112,90,159,41,146,18,178,17,296,13,219,14,251,41,293,92,245,347,237,351,201,270,132
389,57,NYBG,10/31/2017,176,111,86,156,40,197,32,185,18,280,17,201,9,258,22,314,99,264,291,245,262,170,239,142
390,57,NYBG,11/01/2017,155,108,55,157,55,195,22,181,20,289,25,234,11,268,51,360,123,285,377,220,266,197,167,147
391,57,NYBG,11/02/2017,142,111,97,135,81,163,30,155,17,319,8,241,12,247,49,259,113,289,338,217,293,122,209,111
392,57,NYBG,11/03/2017,180,139,112,192,63,198,52,172,16,294,7,252,19,266,43,305,81,300,342,220,335,153,167,147
393,57,NYBG,11/04/2017,158,98,100,192,105,182,60,202,43,212,17,204,29,200,25,233,55,194,111,215,117,161,168,122
394,57,NYBG,11/05/2017,179,73,59,186,83,225,58,241,44,208,25,220,10,247,31,162,37,153,52,198,94,132,140,74
395,60,Division Street,03/04/2017,658,663,520,714,477,729,338,764,291,712,211,801,226,743,345,749,458,756,515,819,612,667,680,600
396,60,Division Street,03/05/2017,646,423,327,639,483,711,370,775,264,795,202,763,192,697,248,762,351,626,412,639,453,531,489,483
397,60,Division Street,03/06/2017,663,487,385,698,226,613,133,610,101,680,135,616,220,627,409,606,554,601,641,551,602,509,676,503
398,60,Division Street,03/07/2017,561,564,415,758,268,602,177,648,121,665,122,580,245,657,434,669,557,693,760,650,663,636,235,633
399,60,Division Street,03/08/2017,727,567,409,689,305,824,171,673,114,621,150,728,255,776,385,829,545,844,687,808,667,691,784,592
400,60,Division Street,03/09/2017,718,627,560,608,274,650,234,692,150,747,137,672,265,682,410,711,632,789,654,743,651,697,749,624
401,60,Division Street,03/10/2017,633,613,575,609,419,626,322,608,195,616,184,624,277,646,395,641,582,637,610,685,591,639,623,652
402,60,Division Street,03/11/2017,610,612,559,672,498,712,333,708,291,708,205,752,228,735,340,671,454,687,511,730,553,702,675,604
403,60,Division Street,03/12/2017,555,247,205,583,513,649,336,676,0,686,273,715,262,689,316,676,349,671,360,651,459,453,484,320
404,60,Division Street,09/09/2017,925,779,710,1067,523,1154,476,1124,455,1098,301,1257,339,1211,377,1191,469,1120,617,1018,740,1030,836,841
405,60,Division Street,09/10/2017,803,675,576,889,700,1014,553,1084,450,1183,350,1144,342,1145,336,1174,346,1000,389,964,474,801,694,747
406,60,Division Street,09/11/2017,866,485,432,954,422,927,306,955,201,1084,165,1085,251,1091,409,1032,616,1005,933,906,1012,828,941,556
407,60,Division Street,09/12/2017,918,566,456,985,369,928,302,919,218,1061,176,1030,222,1101,430,1050,660,1017,980,972,980,742,892,625
408,60,Division Street,09/13/2017,887,513,440,944,363,815,289,975,256,1033,192,1055,290,1105,410,1097,678,1095,947,920,1019,807,918,671
409,60,Division Street,09/14/2017,908,574,516,911,361,950,350,886,286,1043,226,1122,276,1061,467,1066,663,983,985,916,990,827,916,690
410,60,Division Street,09/15/2017,920,732,662,1071,389,927,394,1024,300,998,252,1088,313,1234,476,1223,708,1203,944,1053,992,887,885,825
411,60,Division Street,09/16/2017,1049,764,737,1069,537,1072,490,1167,398,1061,364,1149,415,1200,375,1123,464,1070,592,1064,778,888,910,886
412,60,Division Street,09/17/2017,802,663,559,850,616,899,523,972,456,1036,378,992,414,979,329,1060,336,988,360,938,491,876,684,681
413,60,Division Street,09/30/2017,3017,2573,2578,3400,2086,3541,1841,3605,1627,3723,1195,3912,898,3529,924,3516,1052,3387,1616,3201,1921,3077,2560,2778
414,60,Division Street,10/01/2017,2488,2800,1896,2838,2167,2963,1866,3132,1322,3063,962,3121,774,3060,583,3141,658,3126,964,3317,1409,3178,2156,3185
415,60,Division Street,10/02/2017,3586,1998,1631,3429,965,3339,664,3099,439,3013,458,3420,561,3436,1071,3492,2013,3561,2949,2832,3479,2509,3716,2205
416,60,Division Street,10/03/2017,3400,2519,2035,3476,1292,3357,890,3341,578,3202,493,3249,576,3125,1032,3374,2054,3419,2799,3019,3383,2773,3758,2708
417,60,Division Street,10/04/2017,3414,2679,2184,3239,1584,3236,1082,3133,688,3089,597,3372,585,3413,1126,3400,1979,3256,2825,3169,3438,2732,3759,2593
418,60,Division Street,10/05/2017,3483,3024,2329,3232,1691,3417,1094,3044,771,3283,681,3210,709,3266,1078,3338,1915,3264,2938,3070,3387,2819,3511,2746
419,60,Division Street,10/06/2017,3217,2682,2505,3254,2083,3369,1456,3284,848,3224,788,3164,784,3093,1148,3235,1946,3132,2600,3282,3074,2969,3324,2748
420,60,Division Street,10/07/2017,2991,2923,3053,3205,2433,3198,1956,3637,1394,3582,1103,3961,975,3749,806,3934,1063,3580,1398,3507,1896,3242,2516,2753
421,60,Division Street,10/08/2017,2452,2007,1629,2824,2748,3000,1948,3210,1480,3095,1270,3066,847,3326,757,3335,1385,3330,1273,3096,1452,3125,1973,2740
422,60,Division Street,11/04/2017,2231,3002,3180,2373,3020,2340,2956,2453,2585,2393,2237,2396,1689,2424,1003,2566,1093,2679,1381,2856,1740,2791,1869,2892
423,60,Division Street,11/05/2017,1716,2323,1913,1806,3181,2054,3047,1962,2541,2068,2103,2141,1146,2252,781,2299,967,2419,1068,2343,1254,2447,1368,2423
424,60,Division Street,11/06/2017,2108,2421,2274,2165,1480,2066,1009,2102,789,2109,574,2476,686,2321,968,2330,1639,2430,2042,2535,2186,2621,2240,2550
425,60,Division Street,11/07/2017,2011,2736,2643,2035,1844,2176,1220,2195,819,2152,663,2257,716,2275,984,2283,1649,2757,1969,2535,2172,2517,2134,2733
426,60,Division Street,11/08/2017,1858,2674,2539,1876,2176,1964,1414,2055,1007,1910,760,2268,765,2235,987,2228,1712,2469,2032,2746,2168,2839,2111,2696
427,60,Division Street,11/09/2017,2027,2671,2633,2001,2307,2047,1819,2269,1264,2010,858,2150,871,1998,1021,2127,1671,2311,2026,2569,2237,2645,2204,2720
428,60,Division Street,11/10/2017,2085,2962,2974,2068,2544,2118,2332,1916,1764,2084,1216,2227,991,2362,1078,2150,1641,2400,1937,2599,2034,2829,2126,2817
429,60,Division Street,11/11/2017,5352,5836,5889,5430,5144,5510,5052,5734,4116,5863,3171,5832,2436,5702,2194,5959,3189,6200,3888,6238,4848,6234,5174,5773
430,60,Division Street,11/12/2017,5039,4431,3758,5419,5620,5621,5225,6076,4320,6229,3280,6304,2518,6344,1873,6078,2512,5750,2854,5428,3471,5165,4299,4921
431,60,Division Street,11/13/2017,2877,2214,1908,2946,1072,2785,779,2817,529,3001,577,3270,1025,3284,2243,3335,3218,3192,3218,3028,3635,2615,3422,2578
432,60,Division Street,11/14/2017,3105,2704,2212,2950,1295,2857,784,3081,546,3100,559,3325,992,3442,2326,3539,3358,3477,3300,3253,3586,2764,3328,2795
433,60,Division Street,11/15/2017,3203,2627,2458,3090,1528,2918,932,3079,640,3189,596,3246,1066,3391,2277,3353,3081,3449,3269,3324,3592,3074,3406,2764
434,60,Division Street,11/16/2017,3072,2857,2453,2958,1767,3357,1087,3265,727,3148,682,3331,1023,3383,2242,3455,3025,3474,2884,3443,3265,3002,3364,2827
435,60,Division Street,11/17/2017,2670,2815,2688,2854,1888,3002,1335,3241,935,3338,797,3415,1164,3322,2234,3326,3134,3344,2600,3305,2671,3167,3108,2882
436,60,Division Street,11/18/2017,3310,2956,2731,3503,2282,3588,2097,3714,1528,3689,1106,3664,1014,3777,1277,3745,2077,3818,2534,3785,3065,3309,3316,2972
437,60,Division Street,11/19/2017,3223,2292,1890,3434,2545,3436,1999,3563,1433,3704,1036,3811,896,3769,982,3578,1526,3542,1847,3239,2192,2821,2645,2663
438,61,Fresh Kills West,09/09/2017,1591,714,623,1656,454,1796,199,1756,118,1726,90,1696,111,1651,183,1417,401,1452,838,1258,1000,903,1370,872
439,61,Fresh Kills West,09/10/2017,1269,402,326,1557,446,1560,245,1627,157,1439,119,1348,84,1340,115,1249,260,1130,370,1197,600,869,862,561
440,61,Fresh Kills West,09/11/2017,1334,438,289,1357,149,1339,85,1605,46,1876,58,2018,134,2139,456,2175,1459,1892,2327,1469,1569,934,1330,651
441,61,Fresh Kills West,09/12/2017,1335,517,325,1422,163,1326,84,1590,64,2074,74,2173,136,2145,474,2263,1552,1838,2351,1601,1716,1153,1427,705
442,61,Fresh Kills West,09/13/2017,1351,560,330,1422,195,1484,86,1623,54,2063,45,2091,144,2032,438,2070,1579,1749,2242,1486,1632,1088,1414,795
443,61,Fresh Kills West,09/14/2017,1376,542,393,1370,162,1343,83,1586,60,2131,54,2156,114,2065,448,2209,1660,1845,2380,1619,1728,1187,1437,755
444,61,Fresh Kills West,09/15/2017,1395,782,615,1310,210,1367,101,1500,78,2028,49,1997,135,1965,499,2300,1621,2142,2237,1712,1705,1146,1445,992
445,61,Fresh Kills West,09/16/2017,1568,783,682,1802,397,1927,237,1734,139,1690,93,1716,96,1617,181,1474,382,1378,678,1287,1068,985,1307,844
446,61,Fresh Kills West,09/17/2017,1205,387,288,1484,531,1652,314,1660,175,1619,121,1445,95,1375,108,1139,258,1190,425,1248,654,956,851,555
447,61,Fresh Kills West,11/11/2017,530,626,585,552,501,657,368,673,300,663,299,708,310,760,208,696,232,747,306,639,397,685,437,697
448,61,Fresh Kills West,11/12/2017,531,512,459,587,581,616,540,724,485,701,418,743,328,784,233,720,199,683,327,729,370,654,468,619
449,61,Fresh Kills West,11/13/2017,484,582,469,485,369,489,186,495,164,561,136,637,146,655,204,661,504,618,578,796,558,718,490,616
450,61,Fresh Kills West,11/14/2017,537,570,501,568,348,568,245,548,131,584,123,691,149,710,209,751,500,677,594,789,684,829,586,703
451,61,Fresh Kills West,11/15/2017,529,610,598,511,404,604,275,649,171,588,129,623,138,680,177,680,541,695,584,783,594,782,508,690
452,61,Fresh Kills West,11/16/2017,532,674,557,549,501,606,291,584,193,584,135,594,167,692,219,667,457,698,627,790,729,795,536,737
453,61,Fresh Kills West,11/17/2017,509,730,662,513,523,612,314,657,231,603,180,723,181,638,224,584,496,636,616,746,639,856,517,808
454,61,Fresh Kills West,11/18/2017,523,654,631,620,643,626,577,686,490,751,368,742,343,763,239,721,251,721,352,630,446,693,519,643
455,61,Fresh Kills West,11/19/2017,534,512,486,559,580,617,496,691,483,695,394,667,343,699,267,717,217,710,290,718,379,676,466,626
456,62,Queens College,04/07/2018,2002,1620,1330,2210,851,2502,553,2436,352,2480,303,2623,327,2466,387,2290,709,2281,1028,2150,1470,1870,1711,1696
457,62,Queens College,04/08/2018,2235,1148,849,2574,926,2527,592,2875,408,2807,292,2831,303,2634,340,2525,697,2535,951,2165,1419,1885,1871,1502
458,62,Queens College,04/09/2018,2423,1390,946,2277,593,2552,282,2666,227,3080,204,3432,347,3658,803,3706,2321,3538,3344,2887,3525,2282,2800,1885
459,62,Queens College,04/10/2018,2440,1422,1097,2483,640,2502,291,2723,185,3041,176,3370,311,3575,817,3722,2282,3437,3508,2989,3647,2405,2955,1949
460,62,Queens College,04/11/2018,2360,1423,1015,2369,605,2520,344,2660,238,3200,165,3455,347,3568,809,3600,2343,3533,3528,3090,3438,2414,2810,1912
461,62,Queens College,04/12/2018,2479,1600,1131,2461,614,2617,355,2793,200,3155,191,3570,365,3677,817,3652,2433,3636,3585,3137,3574,2478,2886,2045
462,62,Queens College,04/13/2018,2581,1552,1154,2736,659,2954,442,3036,254,3477,225,3639,330,3655,823,3662,2323,3328,3491,2736,3609,2176,2910,1825
463,62,Queens College,04/14/2018,2269,1750,1447,2405,826,2677,559,2839,364,2722,311,2726,356,2825,449,2685,786,2476,1226,2280,1782,1999,2156,2007
464,62,Queens College,04/15/2018,2275,1199,876,2697,991,2658,645,2934,534,2872,364,2847,417,2660,377,2597,695,2335,1024,2096,1615,1788,2108,1447
465,62,Queens College,09/09/2017,2736,2017,1735,2992,1366,3139,1007,3162,872,3323,838,3306,778,3237,816,3255,1356,3195,2009,3115,2404,2755,2628,2359
466,62,Queens College,09/10/2017,2441,1368,1195,2422,1410,2553,1157,2813,927,2887,807,2896,769,2622,630,2674,802,2567,1120,2446,1502,2151,1864,1828
467,62,Queens College,09/11/2017,3019,1390,1049,2957,853,2853,566,3236,451,3302,441,3530,741,3710,1322,3918,2995,3322,4441,2888,4157,2454,3394,1725
468,62,Queens College,09/12/2017,2962,1516,1132,2894,815,3077,523,3181,446,3226,432,3500,699,3606,1341,3719,3060,3413,4380,2837,4381,2385,3420,2047
469,62,Queens College,09/13/2017,2978,1467,1145,3190,903,2887,616,3007,488,3310,485,3559,652,3667,1293,3923,3045,3491,4399,3013,4217,2419,3477,1904
470,62,Queens College,09/14/2017,2801,1630,1178,2819,800,2968,591,3070,487,3358,504,3522,715,3498,1394,3753,3091,3550,4410,3017,4189,2511,3223,2029
471,62,Queens College,09/15/2017,2958,2132,1704,2879,914,3173,683,3109,491,3398,509,3662,778,3697,1426,3874,3112,3679,4404,3323,4281,2904,3437,2356
472,62,Queens College,09/16/2017,2743,2132,1770,2972,1418,3053,1078,3214,872,3205,744,3275,943,3157,875,3154,1282,3056,2036,3202,2441,2746,2676,2232
473,62,Queens College,09/17/2017,2311,1482,1280,2421,1453,2658,1182,2717,907,2863,829,2849,840,2718,655,2664,775,2809,1155,2584,1472,2314,2100,1840
474,62,Queens College,09/23/2017,1089,1225,1112,1005,752,1150,422,1229,314,1241,370,1393,492,1384,349,1199,471,1148,677,1103,779,1078,978,1149
475,62,Queens College,09/24/2017,941,893,736,1044,850,1131,485,1173,360,1351,449,1247,652,1243,422,1026,303,1041,492,1267,657,1083,767,1045
476,62,Queens College,09/25/2017,1032,878,676,1007,493,1059,252,1240,186,1504,214,1631,265,1809,403,1412,700,1501,1000,1270,1080,981,1044,959
477,62,Queens College,09/26/2017,944,882,675,908,544,965,226,1241,198,1394,193,1593,262,1569,424,1518,704,1248,1047,1105,1172,980,994,1064
478,62,Queens College,09/27/2017,927,779,718,877,474,1183,214,1263,165,1450,218,1660,281,1685,397,1629,640,1532,843,1377,1000,1143,907,988
479,62,Queens College,09/28/2017,961,990,735,1004,555,1054,272,1281,208,1599,292,1369,485,1696,443,1690,759,1539,1045,1331,1132,1091,1079,1098
480,62,Queens College,09/29/2017,1063,933,870,1093,539,1207,216,1347,155,1542,236,1596,303,1622,430,1704,719,1565,961,1389,1194,1137,1030,1100
481,62,Queens College,09/30/2017,874,769,736,924,672,1039,327,1170,270,1260,267,1335,267,1173,303,1184,438,1120,644,1027,765,984,827,857
482,62,Queens College,10/01/2017,818,802,662,914,616,1034,339,1155,279,1206,276,1287,256,1120,230,1011,267,970,445,1012,596,978,690,898
483,62,Queens College,11/11/2017,7786,8300,7534,8022,6260,8645,4625,8288,3251,8406,2759,8281,3278,8474,4903,8226,7015,8005,7498,8050,7767,8111,8108,8369
484,62,Queens College,11/12/2017,8251,8199,7001,8263,6265,8998,4546,8693,3381,8172,2901,7777,3322,7759,4729,7706,6449,7919,6904,8015,7208,7992,7833,8093
485,62,Queens College,11/13/2017,7787,8283,6762,7446,5924,7923,3669,8173,2387,8040,2128,7879,3327,7916,6114,7777,7722,7873,7627,8122,7744,8280,7630,8557
486,62,Queens College,11/14/2017,8482,8397,7166,7754,5531,7695,3787,8474,2384,8380,2189,8129,3322,7905,5920,7557,7413,8091,7641,8459,7692,8417,7903,8428
487,62,Queens College,11/15/2017,8154,8503,7085,7889,5345,7960,3537,7966,2298,7674,2183,7725,3345,7738,5984,7784,7293,7637,7711,6258,7468,7083,7964,8324
488,62,Queens College,11/16/2017,7909,8042,6823,8019,5987,8351,4070,8410,2409,7606,2437,7568,3616,7667,5949,7491,6839,7536,6886,8049,7090,8332,7666,8481
489,62,Queens College,11/17/2017,8081,7420,7382,8312,5600,7816,4696,7333,2800,7494,2681,7464,3637,7339,5823,7521,7111,7677,7417,7702,7569,7738,7793,7700
490,62,Queens College,11/18/2017,8314,8180,7225,8261,6345,8308,4796,8473,3435,8071,2938,7396,3266,6722,5002,6938,7176,7638,7806,7820,8049,7700,8112,7998
491,62,Queens College,11/19/2017,8111,7675,6500,7625,6257,7752,4579,8026,3112,7823,2931,8156,3122,7672,4711,7432,5627,7855,6874,7638,7115,7706,7649,8027
492,64,Queens Near Road,04/07/2018,662,376,271,675,186,733,129,761,81,757,62,742,74,705,100,662,166,608,253,601,509,518,592,440
493,64,Queens Near Road,04/08/2018,528,246,158,688,191,604,142,722,97,694,73,661,60,637,88,581,171,537,230,490,374,404,520,391
494,64,Queens Near Road,04/09/2018,664,326,185,634,113,658,70,694,43,858,49,829,90,913,213,904,763,827,1288,677,1192,529,775,405
495,64,Queens Near Road,04/10/2018,635,326,188,630,127,636,58,700,32,821,47,837,93,878,233,937,786,819,1233,651,1218,506,803,431
496,64,Queens Near Road,04/11/2018,644,341,235,636,122,663,78,696,55,808,42,929,91,876,212,920,807,828,1250,753,1158,533,811,464
497,64,Queens Near Road,04/12/2018,695,331,236,694,140,710,75,769,41,830,48,985,88,906,231,922,851,828,1387,673,1163,582,803,452
498,64,Queens Near Road,04/13/2018,725,415,338,745,167,767,100,768,63,876,56,987,89,980,221,909,794,885,1267,740,1145,661,805,514
499,64,Queens Near Road,04/14/2018,750,406,330,824,186,811,161,883,96,862,66,828,74,812,120,738,201,716,328,648,535,534,630,501
500,64,Queens Near Road,04/15/2018,564,232,162,629,210,621,155,643,138,678,74,662,72,614,83,590,197,562,239,440,389,391,512,325
501,64,Queens Near Road,09/09/2017,2658,2100,1755,2771,1352,3042,1093,3108,959,3359,751,3532,863,3595,947,3370,1366,2997,1852,2833,2287,2708,2504,2344
502,64,Queens Near Road,09/10/2017,2231,1778,1399,2420,1541,2528,1226,2906,939,3146,761,3177,818,2950,791,2939,903,2837,1196,2595,1494,2372,1790,2063
503,64,Queens Near Road,09/11/2017,2671,1399,1173,2862,1046,2848,726,2941,516,3668,412,3936,640,4014,1465,4161,2823,3604,4216,2815,4064,2299,3213,1738
504,64,Queens Near Road,09/12/2017,2785,1599,1303,2867,909,2961,732,2970,442,3479,440,3953,637,4092,1446,4173,2834,3635,4427,3143,4087,2330,3152,1814
505,64,Queens Near Road,09/13/2017,2717,1546,1240,2839,907,2850,772,2959,570,3649,449,3874,733,4029,1518,4289,2837,3825,4192,3026,4098,2520,3164,1865
506,64,Queens Near Road,09/14/2017,2963,1738,1394,2863,858,2759,761,2861,566,3658,511,4157,768,4390,1467,4269,2971,3893,4237,3152,4177,2409,3283,2109
507,64,Queens Near Road,09/15/2017,2886,1967,1695,3104,962,3289,879,3111,687,3950,594,4273,785,4490,1526,4582,2931,4109,4194,3355,4068,2774,3227,2323
508,64,Queens Near Road,09/16/2017,2731,2081,1797,2969,1365,3088,1062,3357,916,3384,802,3547,866,3519,932,3344,1383,3433,1984,3076,2366,2633,2664,2414
509,64,Queens Near Road,09/17/2017,2318,1770,1354,2511,1445,2638,1133,2985,1017,3220,765,3215,790,3183,817,3020,972,2881,1283,2840,1502,2476,1858,2032
510,64,Queens Near Road,09/23/2017,3493,2685,2426,3624,1382,3758,918,3738,698,3515,570,3582,632,3488,804,3509,1289,3406,2019,3284,2996,3495,3704,2887
511,64,Queens Near Road,09/24/2017,3014,2089,1404,3080,1630,3013,1098,3185,814,3260,612,3162,618,3049,568,2733,847,2925,1260,3028,1969,2752,2850,2251
512,64,Queens Near Road,09/25/2017,2989,1848,1308,2982,890,2939,512,3026,388,3245,309,3245,497,3485,1101,3647,2740,3681,4328,3273,4239,2534,3329,2054
513,64,Queens Near Road,09/26/2017,3074,2118,1493,3060,831,2957,518,3032,340,3257,298,3321,451,3450,1071,3578,2731,3239,4368,2990,4134,2807,3403,2143
514,64,Queens Near Road,09/27/2017,3098,2093,1491,2978,884,2886,547,2924,358,3291,313,3409,501,3192,1115,3488,2740,3436,4391,3127,4304,2710,3564,2228
515,64,Queens Near Road,09/28/2017,2886,1899,1456,2913,875,2845,457,2789,380,3039,307,3219,482,3292,1062,3377,2720,3317,4216,3021,4095,2823,3258,2177
516,64,Queens Near Road,09/29/2017,3046,2287,1757,2928,912,3054,532,3202,362,3475,346,3577,541,3165,1162,3538,2740,3607,4355,3338,4057,3136,3247,2522
517,64,Queens Near Road,09/30/2017,3318,2645,2273,3568,1331,3453,866,3741,608,3510,551,3478,593,3465,788,3624,1298,3342,1969,3418,2751,3413,3517,2772
518,64,Queens Near Road,10/01/2017,3093,2018,1405,3121,1506,2995,994,3156,758,3066,595,3115,597,3057,563,2866,854,2720,1230,2772,1948,2635,2899,2231
519,64,Queens Near Road,10/07/2017,1490,834,695,1729,358,1919,249,1787,173,1717,142,1711,112,1712,186,1625,347,1587,1029,1407,1216,1228,1367,956
520,64,Queens Near Road,10/08/2017,1336,685,519,1461,430,1535,292,1617,222,1579,149,1533,100,1604,140,1485,253,1441,397,1219,732,1021,1028,787
521,64,Queens Near Road,10/09/2017,1572,659,468,1531,338,1533,191,1492,129,1664,98,1919,107,2168,193,2642,513,2318,1120,1863,1692,1368,1507,949
522,64,Queens Near Road,10/10/2017,1817,754,497,1832,319,1851,175,2038,97,2467,96,2469,122,2825,274,3242,849,2749,2695,2292,3017,1570,2198,1176
523,64,Queens Near Road,10/11/2017,1759,682,530,1672,352,1793,189,1823,114,2443,89,2558,109,2989,272,3335,901,2977,2664,2108,3320,1388,2171,1108
524,64,Queens Near Road,10/12/2017,1616,854,602,1645,428,1738,231,1859,161,2487,111,2581,120,2924,260,3161,824,2780,2644,2116,3050,1567,1958,1357
525,64,Queens Near Road,10/13/2017,1448,803,653,1504,414,1654,262,1779,134,2463,100,2518,130,2710,276,3006,834,2437,2547,1770,2894,1226,1829,973
526,64,Queens Near Road,10/14/2017,1529,833,696,1609,415,1865,237,1683,170,1708,131,1664,121,1823,136,1600,326,1602,600,1416,1092,1192,1371,1008
527,64,Queens Near Road,10/15/2017,1347,603,459,1507,486,1780,297,1766,210,1743,125,1742,131,1694,134,1725,231,1585,416,1317,849,1049,1163,862
528,64,Queens Near Road,11/04/2017,881,394,252,1075,174,1040,95,1032,89,992,49,1027,55,933,96,910,169,926,415,841,783,617,848,467
529,64,Queens Near Road,11/05/2017,849,254,160,886,199,819,99,912,51,836,44,837,43,756,66,741,125,694,283,585,483,421,744,340
530,64,Queens Near Road,11/06/2017,719,276,197,590,101,643,55,744,31,965,26,1113,40,1216,133,1153,447,1015,1248,821,1460,544,986,396
531,64,Queens Near Road,11/07/2017,729,284,166,639,78,691,39,748,32,819,30,1190,44,1149,127,1147,455,985,994,795,1216,634,867,388
532,64,Queens Near Road,11/08/2017,717,351,211,667,99,679,59,729,32,1013,33,1320,56,1215,121,1257,448,1080,1224,888,1411,641,826,430
533,64,Queens Near Road,11/09/2017,704,348,233,685,100,688,38,737,27,1053,28,1244,51,1167,143,1208,459,1058,1228,902,1418,798,876,465
534,64,Queens Near Road,11/10/2017,780,346,244,721,120,775,85,833,46,1105,43,1294,55,1178,130,1203,386,1060,976,944,1156,647,856,505
535,64,Queens Near Road,11/11/2017,8775,6703,5911,9232,3974,9803,2898,10196,1699,10258,1170,10082,1197,10432,2160,11068,3805,10304,5012,10116,7162,8576,8457,7097
536,64,Queens Near Road,11/12/2017,7460,5570,3758,8507,4341,9156,3019,9966,1963,10093,1326,10376,1177,10715,1382,10283,2287,10027,3121,8882,4482,8171,6020,7333
537,64,Queens Near Road,11/13/2017,8373,5136,3592,7188,2394,6660,1432,7698,802,8544,561,9808,974,9843,4354,10207,6736,9799,8218,9212,8673,7789,9482,6340
538,64,Queens Near Road,11/14/2017,8525,5824,3793,7476,2566,7744,1601,8278,782,9082,539,9954,961,9960,4329,10432,6777,9997,7944,9287,9005,8100,10407,6822
539,64,Queens Near Road,11/15/2017,8958,6174,4152,7412,2770,7206,1807,8661,781,9191,571,10003,955,10224,4320,10392,6650,10019,8377,9411,9058,8534,10412,7550
540,64,Queens Near Road,11/16/2017,7701,7198,5143,6826,2975,6804,1902,8435,907,9508,581,9891,984,10038,4208,10587,6059,10461,7042,9928,7922,8692,9711,8199
541,64,Queens Near Road,11/17/2017,8878,7398,6008,7930,3429,8126,2240,9164,1106,9641,750,10073,1372,10070,4562,10329,6632,10273,8089,9749,9528,9256,10776,8406
542,64,Queens Near Road,11/18/2017,8237,6525,5583,8401,4172,8436,2974,9350,1730,9834,1207,9796,1099,9811,1858,9310,3608,9177,4808,7844,6716,6809,7844,6919
543,64,Queens Near Road,11/19/2017,6765,5773,3883,8275,4278,8899,2809,9058,1841,9401,1288,9573,1175,9713,1363,9361,2520,9435,3092,7728,4196,7995,5405,6893
544,66,Morrisania,04/07/2018,1242,1093,930,1427,683,1558,416,1931,323,1876,272,1678,327,1629,288,1638,474,1526,670,1493,909,1313,1120,1157
545,66,Morrisania,04/08/2018,1044,758,595,1132,726,1202,536,1321,390,1437,318,1466,291,1543,251,1397,386,1362,524,1293,684,1051,904,844
546,66,Morrisania,04/09/2018,1322,689,534,1378,409,1415,203,1536,137,1720,155,1795,229,1994,501,2039,1174,1726,1868,1301,1808,1090,1572,796
547,66,Morrisania,04/10/2018,1307,765,618,1289,381,1348,189,1458,129,1767,128,1964,188,1958,502,2082,1185,1701,1916,1404,1939,1151,1549,880
548,66,Morrisania,04/11/2018,1439,743,586,1418,348,1421,234,1619,162,1841,150,1890,228,2108,495,2075,1104,1734,1990,1437,1925,1132,1549,926
549,66,Morrisania,04/12/2018,1369,801,684,1350,422,1473,247,1526,192,1863,146,2058,206,2080,519,2166,1202,1859,1976,1482,1955,1225,1608,948
550,66,Morrisania,04/13/2018,1397,1176,1038,1411,417,1630,254,1672,177,2005,126,2240,182,2314,514,2157,1196,2017,1874,1859,1930,1558,1531,1323
551,66,Morrisania,04/14/2018,1376,1129,961,1520,761,1576,507,1767,403,1849,334,1773,276,1809,321,1783,499,1792,855,1756,1139,1544,1345,1129
552,66,Morrisania,04/15/2018,1028,589,541,1056,783,1166,552,1247,372,1436,309,1406,246,1414,268,1342,373,1287,548,1151,675,989,848,881
553,66,Morrisania,09/23/2017,2488,1955,1798,2600,1544,2665,1132,2753,789,2939,750,3169,749,2754,694,2593,1106,2608,1521,2746,1979,2551,2180,2004
554,66,Morrisania,09/24/2017,1920,1635,1430,2321,1438,2141,1159,2446,949,2755,782,2673,739,2623,606,2476,811,2388,1152,2776,1361,2329,1677,2002
555,66,Morrisania,09/25/2017,2255,1492,1451,2489,830,2683,480,2541,390,3020,318,3277,506,3497,995,3594,2216,3035,3287,2415,3310,2195,2852,1879
556,66,Morrisania,09/26/2017,2409,1503,1367,2487,824,2652,499,2702,334,3094,344,3451,470,3554,989,3439,2224,3020,3577,2515,3359,2187,2840,1784
557,66,Morrisania,09/27/2017,2356,1501,1350,2484,812,2676,507,2857,347,3243,344,3377,456,3473,984,3385,2259,3152,3381,2641,3328,2171,2824,1773
558,66,Morrisania,09/28/2017,2515,1483,1307,2630,837,2531,546,2752,376,3156,384,3298,479,3537,983,3354,2223,3023,3418,2847,3374,2286,2799,1839
559,66,Morrisania,09/29/2017,2449,2015,1749,2537,893,2688,519,2738,385,3192,381,3475,494,3487,1016,3414,2157,3156,3335,2827,3327,2434,2642,2153
560,66,Morrisania,09/30/2017,2443,1973,1818,2589,1525,2694,1134,2792,858,2931,742,3038,693,2846,715,2792,1125,2796,1527,2681,1924,2407,2148,2099
561,66,Morrisania,10/01/2017,1926,1659,1345,2045,1515,2262,1090,2444,897,2687,756,2671,713,2698,581,2413,859,2546,1221,2617,1351,2299,1665,1993
562,66,Morrisania,11/04/2017,7693,8610,7572,8545,4053,8723,3575,9450,3111,9784,2868,9582,3322,9463,3507,9204,5024,9067,7029,8866,7422,8984,7082,8388
563,66,Morrisania,11/05/2017,9078,6884,5515,9336,6335,8511,5519,8704,3439,8580,3247,8631,3304,8804,3352,8944,4570,8948,5983,9059,7536,8776,8850,7340
564,66,Morrisania,11/06/2017,8359,6224,4744,7714,4116,6231,3119,6498,2833,7654,3132,7760,4668,7761,7364,7337,9398,7861,9886,8436,8913,7731,8706,7050
565,66,Morrisania,11/07/2017,7483,6459,4270,7903,3594,8024,2852,7427,2949,7636,3241,7654,3841,7378,4665,6006,7797,6086,9335,7261,9241,7936,6837,7004
566,66,Morrisania,11/08/2017,7857,6445,4253,7746,3343,8059,2855,8026,2893,7561,2921,8205,4222,8272,5009,8312,8010,8859,9583,8691,9866,8390,8056,6855
567,66,Morrisania,11/09/2017,7912,7107,5031,7628,3844,7624,3178,7662,2839,7549,3101,7936,4346,7622,6664,7806,10187,7925,9099,8271,9271,8087,7343,8041
568,66,Morrisania,11/10/2017,7207,6922,5710,8215,3922,8021,3213,7466,3199,6848,3411,6355,4221,6345,6949,6287,9696,6986,9218,7813,9299,7955,8107,7657
569,66,Morrisania,11/11/2017,8287,7880,7025,8697,4292,8926,3525,8896,3380,8875,3064,8788,3590,8328,3918,8141,5302,8379,6517,8525,6968,8054,8177,8422
570,66,Morrisania,11/12/2017,8297,7065,5522,8960,6116,8698,4819,8496,3702,8466,3312,8633,3425,8569,3145,8151,3974,8241,5113,8338,6068,8732,6950,7889
571,73,CCNY,04/07/2018,2326,2208,2022,2662,1600,2846,1247,3003,863,3089,803,3167,806,3227,723,3330,944,3232,1390,2921,1819,2715,2170,2436
572,73,CCNY,04/08/2018,1606,1744,1283,1743,1788,2113,1471,2418,1117,2694,955,2812,876,2875,733,2816,750,2686,941,2621,1072,2256,1280,2110
573,73,CCNY,04/09/2018,2651,1416,1201,2600,950,2573,644,2673,484,2966,398,3418,499,3681,829,3733,2217,3531,3650,3185,3603,2651,3059,1760
574,73,CCNY,04/10/2018,2761,1501,1285,2780,899,2563,627,2850,430,3059,368,3317,417,3615,832,3400,2401,3271,3946,2758,3783,2159,3382,1905
575,73,CCNY,04/11/2018,2689,1559,1389,2729,908,2689,574,2869,419,3103,330,3477,393,3658,723,3552,2108,3256,3692,2833,3817,2289,3028,1894
576,73,CCNY,04/12/2018,2797,1693,1485,2693,939,2818,720,2946,494,3181,369,3607,463,3831,808,3923,2164,3783,3583,3124,3693,2398,3281,2052
577,73,CCNY,04/13/2018,2954,2186,2085,3240,955,2914,609,2874,402,3482,356,3843,450,3730,844,3749,2106,3678,3376,3434,3465,2871,3010,2397
578,73,CCNY,04/14/2018,2655,1983,1740,2815,1495,2988,1328,3096,961,3324,847,3573,835,3427,888,3218,1168,3257,1683,3099,2155,2981,2538,2563
579,73,CCNY,04/15/2018,1848,1430,1166,1968,1901,2291,1452,2434,1032,2737,908,2858,865,2818,744,2594,743,2443,901,2144,1079,1870,1452,1761
580,73,CCNY,10/07/2017,4305,3665,3549,4690,3561,4925,2535,5013,1818,5197,1528,5188,1456,5241,1335,4877,1862,5184,2469,4817,3475,4353,4036,3932
581,73,CCNY,10/08/2017,3232,3376,3442,3655,2907,4109,2307,4605,1962,5044,1577,5145,1421,5200,1194,5361,1350,5123,1767,4933,2073,4102,2665,3706
582,73,CCNY,10/09/2017,3710,3240,3249,3768,2426,4035,1402,4248,981,4781,804,5126,885,5457,1289,6041,2441,5429,3536,4690,4178,4237,3829,3486
583,73,CCNY,10/10/2017,4527,3085,2473,4723,1982,4534,1211,4726,846,5188,717,6099,900,6578,1451,6714,3473,6294,5831,5153,6141,4294,5590,3596
584,73,CCNY,10/11/2017,4780,3088,2466,4373,2010,4555,1305,4905,1016,5312,808,6322,1012,6891,1702,7046,3322,6396,5425,5548,5689,4636,5358,3989
585,73,CCNY,10/12/2017,4522,3448,2671,4329,2005,4444,1332,4578,970,5212,779,6084,936,6293,1466,6208,3170,5727,5483,4730,6029,4134,5364,3870
586,73,CCNY,10/13/2017,4615,3652,3277,4494,2266,4650,1571,4819,1196,5330,934,6256,1024,6724,1574,7015,3611,6358,5616,5597,5915,4646,5063,4081
587,73,CCNY,10/14/2017,4409,3679,3472,4718,3054,4950,2348,5068,1853,5267,1524,5377,1408,5425,1416,5382,2026,5239,2602,4813,3463,4493,4029,3940
588,73,CCNY,10/15/2017,3616,2972,2325,4331,2976,4539,2346,4723,1880,4975,1577,5131,1491,5103,1245,5188,1388,4826,1815,4405,2437,3818,2924,3466
589,75,PS 19,01/14/2017,446,462,546,371,607,318,573,553,478,591,411,650,358,309,284,40,291,32,366,115,361,520,386,483
590,75,PS 19,01/15/2017,651,1064,927,813,456,897,486,999,399,1112,387,1130,336,1200,233,1108,238,1068,264,1104,530,1067,560,1048
591,75,PS 19,01/16/2017,989,1155,1078,1030,739,1126,463,1302,396,1455,341,1426,273,1343,400,1343,643,1344,808,1266,825,1233,901,1314
592,75,PS 19,01/17/2017,1326,1694,1543,1282,745,1364,534,1457,420,1545,332,1547,427,1538,639,1403,892,1397,1005,1596,1128,1585,1415,1578
593,75,PS 19,01/18/2017,1443,1691,1534,1319,1336,1283,1049,1418,677,1492,585,1473,558,1524,904,1177,1315,1212,1682,1686,1515,1752,1522,1773
594,75,PS 19,01/19/2017,1026,1748,1656,1363,1443,1381,1110,1530,806,1469,595,1691,682,1780,993,1642,1324,1650,1572,1797,1491,1826,1263,1900
595,75,PS 19,01/20/2017,1423,1602,1721,1400,1565,1587,1283,1622,1002,1599,767,1613,700,1554,993,1532,1419,1771,1794,1808,1580,1629,1466,1684
596,75,PS 19,01/21/2017,1492,1840,1532,1212,1405,396,893,75,1132,256,1062,176,986,231,852,1326,874,1870,1018,1804,1222,1722,1462,1757
597,75,PS 19,01/22/2017,1257,1388,1213,1366,1158,989,970,941,817,1391,589,1689,377,1469,244,1541,234,1613,296,1664,597,1521,1087,1512
598,75,PS 19,03/03/2018,1183,1196,1101,1369,830,1349,660,1336,512,1352,439,1309,449,1332,421,1264,732,1179,855,1200,1053,1203,1199,1171
599,75,PS 19,03/04/2018,1158,944,812,1199,1043,1229,923,1226,684,1243,587,1249,539,1246,325,1152,503,1139,615,1131,805,1067,1018,1008
600,75,PS 19,03/05/2018,1433,886,727,1464,584,1306,426,1359,356,1325,264,1377,385,1360,721,1270,1025,1270,1282,1161,1307,1082,1310,1004
601,75,PS 19,03/06/2018,1518,1067,941,1578,620,1439,468,1486,316,1599,351,1616,449,1305,689,1309,1172,1184,1313,1294,1453,1307,1404,1141
602,75,PS 19,03/07/2018,1202,644,626,1207,806,1144,490,1194,284,1101,234,1025,351,982,518,830,807,806,1022,723,1152,666,1180,683
603,75,PS 19,03/08/2018,1378,1094,976,1356,444,1347,338,1276,224,1392,229,1486,260,1386,478,1289,981,1184,1253,1159,1334,1126,1244,1078
604,75,PS 19,03/09/2018,1316,959,961,1275,849,1246,635,1271,477,1277,423,1277,430,1124,683,1071,1137,1032,1244,1137,1335,1231,1326,1102
605,75,PS 19,03/12/2018,1301,849,693,1458,502,1419,403,1480,252,1541,252,1451,323,1307,651,1137,1069,1234,1287,1109,1226,1011,1312,1048
606,75,PS 19,03/13/2018,1422,1005,848,1422,603,1337,407,1464,350,1435,346,1449,580,1272,918,1232,1240,1292,1323,1300,1474,1172,1545,1058
607,75,PS 19,03/14/2018,1271,965,891,1040,600,1222,405,1233,306,1310,323,1245,596,971,786,936,1168,998,1122,851,1144,916,1313,928
608,75,PS 19,03/15/2018,1329,832,977,1385,728,1377,514,1219,366,1436,330,1294,566,1187,1028,1134,1332,1040,1415,1017,1616,859,1440,812
609,75,PS 19,09/09/2017,615,627,670,622,522,653,421,696,299,658,264,694,238,816,237,833,309,714,439,678,451,633,536,583
610,75,PS 19,09/10/2017,436,471,387,513,596,522,545,529,334,704,243,663,261,772,231,765,189,753,287,667,266,625,398,560
611,75,PS 19,09/11/2017,758,438,430,684,279,667,183,742,136,749,147,792,178,809,338,784,577,720,776,566,780,596,804,487
612,75,PS 19,09/12/2017,797,430,368,774,297,805,190,778,136,750,174,812,201,837,319,885,572,738,751,634,770,535,748,502
613,75,PS 19,09/13/2017,809,483,421,732,316,768,216,773,195,753,150,872,225,883,349,844,547,759,751,621,829,635,790,541
614,75,PS 19,09/14/2017,752,615,544,760,325,781,296,825,190,775,172,865,200,902,337,922,569,874,755,681,833,574,728,652
615,75,PS 19,09/15/2017,823,576,537,794,438,822,329,770,231,784,199,902,233,950,357,941,560,836,790,724,781,678,805,564
616,75,PS 19,09/16/2017,654,604,552,705,491,659,472,723,293,715,289,821,265,819,251,842,295,857,470,736,473,605,569,611
617,75,PS 19,09/17/2017,420,512,442,473,514,569,441,576,372,638,273,674,245,746,198,770,198,868,266,694,256,646,354,559
618,75,PS 19,09/30/2017,3459,3851,3683,3756,3266,3879,3111,3796,2327,3771,1732,3723,1550,3623,1255,3820,1813,4026,2496,3824,2797,3514,2976,3882
619,75,PS 19,10/01/2017,3254,3055,2662,3728,3106,4245,2319,4283,1987,4140,1656,4262,1429,4229,1278,4445,1589,3968,2207,3676,2394,3322,2682,3375
620,75,PS 19,10/02/2017,4169,3265,2799,4026,1557,3905,1071,3884,789,4274,855,4191,1057,4427,1634,4520,3126,4737,4350,4401,4710,3750,4305,3710
621,75,PS 19,10/03/2017,4074,3475,2991,3870,1940,4166,1169,3899,924,4360,918,4631,1160,4582,1752,5127,3271,5193,4183,4559,4842,4036,4377,3937
622,75,PS 19,10/04/2017,4139,3667,3437,4214,2386,4375,1517,4369,1014,4199,969,4590,1282,4792,1984,4804,3237,5095,4491,4747,4778,4211,4350,3845
623,75,PS 19,10/05/2017,4028,4187,4018,4163,2705,4149,1512,4180,1045,4180,1029,4417,1275,4380,1959,4661,3408,4887,4585,4640,4590,3916,4268,4055
624,75,PS 19,10/06/2017,4094,3813,3585,3978,3047,3850,1740,3813,1147,4096,1069,4565,1258,4399,1754,4446,3170,4630,4332,4507,4451,4019,4320,3820
625,75,PS 19,10/07/2017,6111,6536,6595,6431,5424,6674,4274,6761,3449,7066,2780,7340,2355,7004,2007,7257,2736,7418,3718,7091,4667,6541,5457,6325
626,75,PS 19,10/08/2017,5784,5306,4320,6714,5364,7521,4101,7497,3296,7411,2788,6956,2350,7138,1827,7010,2109,6643,2799,6037,3700,5636,4643,5651
627,75,PS 19,10/09/2017,2799,2032,1537,3051,1427,2801,923,2565,718,2924,619,2968,618,2995,902,3016,1480,2734,1825,2658,2121,2440,2526,2279
628,75,PS 19,10/10/2017,2975,2730,2304,3057,1246,3165,776,3078,498,3317,397,3626,449,3466,856,3559,1622,3555,2669,3445,3130,3052,3212,2904
629,75,PS 19,10/11/2017,3043,2615,2087,3141,1533,3075,929,3239,557,3399,433,3421,540,3316,890,3602,1684,3694,2607,3592,3143,3170,3307,2738
630,75,PS 19,10/12/2017,3081,2920,2519,3227,1586,3195,980,3049,587,3187,459,3297,533,3285,834,3467,1521,3564,2428,3328,3066,2918,3042,2896
631,75,PS 19,10/13/2017,2948,2677,2419,3013,1871,3228,1150,2988,695,3296,550,3501,558,3587,848,3519,1525,3427,2480,3390,3102,2931,3014,2865
632,75,PS 19,10/14/2017,2503,2488,2432,2677,2138,2918,1403,2960,894,3104,767,3260,626,3086,611,3027,785,3013,1145,3010,1613,2698,2115,2431
633,75,PS 19,10/15/2017,2541,1753,1384,2735,2093,2996,1615,3049,1117,3208,847,2981,726,3076,523,3174,700,2926,1062,2789,1500,2465,1967,2167
634,75,PS 19,10/28/2017,1264,1926,1932,1321,1879,1395,1751,1398,1524,1345,1324,1413,922,1502,709,1671,774,2015,996,1969,1138,2014,1262,2003
635,75,PS 19,10/29/2017,1399,1343,1211,1596,1819,1670,1706,1711,1515,1786,1372,1809,1069,1799,715,1747,665,1743,690,1805,933,1676,1222,1467
636,75,PS 19,10/30/2017,1430,1744,1524,1376,862,1517,588,1629,464,1605,393,1662,380,1728,632,1767,1108,1940,1407,1885,1558,1863,1371,1806
637,75,PS 19,10/31/2017,1359,1327,1448,1497,1184,1552,826,1412,599,1360,504,1343,548,1670,727,1585,1188,1484,1362,1440,1336,1338,1439,1388
638,75,PS 19,11/01/2017,1427,1770,1726,1461,1390,1447,1270,1465,922,1625,805,1602,710,1721,962,1723,1470,1837,1513,1913,1718,1752,1560,1755
639,75,PS 19,11/02/2017,1532,1758,1802,1583,1344,1397,1006,1589,690,1421,535,1603,578,1509,720,1713,1119,1785,1470,1990,1534,1889,1608,1816
640,75,PS 19,11/03/2017,1280,1772,1880,1447,1628,1423,1222,1478,969,1462,750,1544,627,1626,764,1605,1172,1793,1355,1893,1295,1939,1222,1973
641,75,PS 19,11/04/2017,2237,3151,3155,2480,3128,2434,2742,2483,2478,2270,1899,2405,1344,2616,888,2919,1067,3213,1346,3344,1704,3183,1994,3199
642,75,PS 19,11/05/2017,1961,2262,1994,2218,3071,2380,2743,2285,2164,2297,1537,2300,992,2384,690,2485,736,2907,1017,2829,1289,2697,1614,2347
643,75,PS 19,11/06/2017,919,851,741,941,391,929,254,958,141,952,113,959,153,917,266,911,322,888,531,1027,648,935,847,839
644,75,PS 19,11/07/2017,952,851,713,901,569,802,313,755,193,759,157,841,154,858,323,827,446,896,685,1231,713,1078,813,1007
645,75,PS 19,11/08/2017,810,804,742,792,574,856,374,740,204,832,189,831,159,993,248,858,431,914,498,1053,697,1018,667,889
646,75,PS 19,11/09/2017,754,829,888,817,693,814,448,795,331,858,190,889,168,908,255,861,441,818,548,956,706,961,767,748
647,75,PS 19,11/10/2017,792,1006,1068,879,778,768,563,841,434,1060,343,1079,212,976,210,910,333,957,462,1222,663,1228,714,1189
648,75,PS 19,11/11/2017,965,1202,1235,1140,1059,1095,913,1006,821,972,652,959,472,986,299,1019,278,1206,360,1163,453,1221,657,1150
649,75,PS 19,11/12/2017,837,805,749,961,1165,985,877,870,884,922,560,920,354,917,178,1024,187,1180,278,1041,377,856,578,775
650,79,Tonawanda II,10/07/2017,1335,1268,1039,1616,724,1934,480,1702,335,1652,282,1643,311,1596,446,1615,765,1527,1374,1555,1145,1531,1293,1436
651,79,Tonawanda II,10/08/2017,1218,995,854,1313,781,1497,563,1491,435,1434,348,1455,346,1482,391,1374,545,1423,687,1452,842,1236,1100,1128
652,79,Tonawanda II,10/09/2017,1236,1258,863,1283,566,1309,362,1346,236,1474,206,1491,247,1449,427,1765,806,2195,1097,2118,1300,1920,1182,1473
653,79,Tonawanda II,10/10/2017,1552,1108,832,1537,543,1662,507,1685,389,1955,376,2034,617,1982,1265,1954,2632,1995,2803,2159,2608,1816,1945,1318
654,79,Tonawanda II,10/11/2017,1717,1321,1046,1645,663,1611,496,1677,338,1883,282,1979,405,2449,910,2459,1585,2288,2228,1991,2235,1649,1846,1436
655,79,Tonawanda II,10/12/2017,1564,1216,1061,1757,667,1559,401,1528,267,1832,277,1901,365,1803,815,2161,1549,2205,2525,1949,2379,1895,1755,1684
656,79,Tonawanda II,10/13/2017,1624,1118,975,1620,723,1800,461,1955,323,1988,363,2282,421,2113,866,2188,1582,1983,2534,1631,2396,1395,1810,1196
657,79,Tonawanda II,10/14/2017,1333,1175,1061,1427,739,1521,483,1508,388,1565,349,1668,314,1619,430,1422,647,1403,938,1623,1100,1617,1217,1426
658,79,Tonawanda II,10/15/2017,1492,974,825,1710,807,1889,525,1938,400,1892,345,1673,333,1628,323,1575,514,1472,691,1510,951,1378,1246,1243
659,80,Port Richmond,09/09/2017,575,275,223,570,176,593,122,675,94,586,94,699,87,657,86,626,145,542,294,536,441,431,460,313
660,80,Port Richmond,09/10/2017,512,220,155,578,159,704,121,663,92,595,88,610,59,629,69,576,94,499,146,426,228,356,373,306
661,80,Port Richmond,09/11/2017,489,174,108,562,116,602,66,650,45,757,42,767,48,787,125,761,339,637,751,467,784,333,573,262
662,80,Port Richmond,09/12/2017,508,183,130,610,90,552,48,593,37,651,36,667,59,779,111,806,343,683,752,547,865,366,561,248
663,80,Port Richmond,09/13/2017,494,195,158,520,97,530,65,617,69,719,38,755,50,806,132,816,381,713,828,534,907,361,654,268
664,80,Port Richmond,09/14/2017,633,223,184,649,99,657,76,657,47,739,40,860,66,921,146,970,390,762,873,550,933,433,766,375
665,80,Port Richmond,09/15/2017,646,364,264,615,112,608,73,625,62,730,52,863,81,864,133,919,400,803,890,698,972,484,758,375
666,80,Port Richmond,09/16/2017,645,303,220,713,187,761,93,761,98,754,80,781,74,795,99,785,153,702,235,572,407,490,508,327
667,80,Port Richmond,09/17/2017,537,221,139,527,210,620,183,614,114,659,79,635,81,655,75,572,80,549,135,534,227,403,335,273
668,80,Port Richmond,09/23/2017,1026,854,717,1049,637,1145,428,1297,388,1308,289,1310,270,1352,270,1273,364,1309,522,1180,760,1052,936,924
669,80,Port Richmond,09/24/2017,846,731,525,948,606,1008,511,1011,389,1111,346,1037,342,1150,245,1129,288,1071,386,939,482,896,714,788
670,80,Port Richmond,09/25/2017,1259,622,474,1149,370,1299,267,1342,211,1252,159,1270,192,1056,282,1195,747,1328,1397,1163,1548,1004,1422,771
671,80,Port Richmond,09/26/2017,1251,654,430,1166,356,1066,262,1242,178,1186,161,1342,187,1397,304,1726,754,1383,1420,1197,1412,971,1361,798
672,80,Port Richmond,09/27/2017,1166,676,509,1228,368,1164,254,1219,177,1244,164,1293,152,1328,287,1282,764,1270,1409,1283,1372,989,1269,812
673,80,Port Richmond,09/28/2017,1251,755,521,1221,359,1174,268,1159,217,1227,186,1314,209,1310,306,1328,824,1398,1387,1245,1401,1105,1246,854
674,80,Port Richmond,09/29/2017,1247,905,736,1294,377,1283,291,1141,230,1294,190,1343,231,1382,319,1353,768,1433,1225,1280,1313,1220,1323,953
675,80,Port Richmond,09/30/2017,2168,2099,1874,2282,1289,2357,829,2387,631,2574,516,2841,564,2882,608,2751,914,2881,1316,2562,1713,2608,1772,2178
676,80,Port Richmond,10/01/2017,1983,2194,1632,2170,1362,2413,863,2470,663,2685,583,2661,586,2650,490,2721,678,2722,912,2639,1317,2546,1588,2242
677,80,Port Richmond,10/02/2017,1444,888,507,1504,361,1469,155,1467,109,1524,158,1578,271,1748,505,1508,1110,1674,1170,1728,1360,1352,1316,1071
678,80,Port Richmond,10/03/2017,1339,928,583,1525,296,1758,142,1512,100,1660,121,1818,224,1686,521,1573,1148,1600,1395,1412,1392,1392,1266,1189
679,80,Port Richmond,10/04/2017,1276,917,638,1212,354,1178,187,1636,110,1897,120,1823,253,1736,495,1652,1149,1637,1356,1498,1501,1427,1390,1180
680,80,Port Richmond,10/05/2017,1429,1056,691,1429,389,1648,196,1529,127,1620,137,1645,240,1537,530,1546,1136,1489,1240,1249,1400,1371,1452,1149
681,80,Port Richmond,10/06/2017,1518,1002,1016,1417,421,1423,194,1303,180,1444,151,1595,269,1440,512,1347,1061,1266,1289,1311,1482,1292,1387,1042
682,80,Port Richmond,10/07/2017,984,1171,1064,916,732,934,351,1149,258,1221,206,1413,259,1448,307,1549,472,1362,665,1260,862,1295,841,1108
683,80,Port Richmond,10/08/2017,768,731,589,912,739,922,465,1058,251,1217,218,1417,223,1396,208,1333,322,1268,415,1200,501,1255,615,925
684,80,Port Richmond,10/21/2017,1477,771,699,1520,648,1716,536,1727,340,1699,267,1622,285,1689,289,1678,509,1549,764,1418,1082,1211,1277,939
685,80,Port Richmond,10/22/2017,1146,649,476,1269,626,1355,461,1549,338,1466,277,1466,322,1397,256,1394,303,1372,410,1121,679,911,959,824
686,80,Port Richmond,10/23/2017,1448,593,465,1522,359,1545,240,1543,188,1685,167,1862,249,2061,731,1960,1888,1844,2285,1429,2156,1005,1918,777
687,80,Port Richmond,10/24/2017,1614,614,489,1526,359,1523,214,1427,191,1618,159,1811,223,1933,688,2011,1997,1781,2235,1429,2314,1050,1848,777
688,80,Port Richmond,10/25/2017,1795,736,566,1674,359,1579,227,1445,195,1612,163,1904,225,1966,701,2020,2032,1857,2185,1464,2076,1098,1924,851
689,80,Port Richmond,10/26/2017,1681,693,597,1519,369,1553,236,1541,195,1704,195,1979,234,1988,773,2141,1977,1965,2249,1524,2234,1098,1887,891
690,80,Port Richmond,10/27/2017,1748,918,818,1471,437,1518,301,1565,274,1773,194,2042,255,2035,788,2087,1932,1991,2172,1738,2178,1290,1845,1036
691,80,Port Richmond,10/28/2017,1544,875,802,1685,584,1767,434,1764,390,1815,382,1797,410,1728,419,1765,547,1702,882,1527,1152,1263,1306,1016
692,80,Port Richmond,10/29/2017,1104,561,452,1267,661,1380,531,1423,439,1491,423,1394,429,1269,317,1243,406,1201,428,972,649,864,848,731
693,80,Port Richmond,11/04/2017,74,60,57,79,45,78,42,87,36,110,36,91,18,117,33,102,40,94,45,90,62,88,76,100
694,80,Port Richmond,11/05/2017,59,34,27,70,49,52,48,103,36,97,34,73,30,83,29,101,46,87,55,98,47,71,59,54
695,80,Port Richmond,11/06/2017,155,48,46,126,38,135,33,128,24,129,22,173,25,128,69,149,101,147,132,117,146,110,152,69
696,80,Port Richmond,11/07/2017,131,45,46,143,44,114,44,129,32,123,16,103,66,122,71,128,99,120,143,118,146,105,116,64
697,80,Port Richmond,11/08/2017,78,40,56,74,53,79,43,95,17,118,17,199,30,136,54,130,103,136,150,119,116,114,106,77
698,80,Port Richmond,11/09/2017,137,40,38,148,53,89,51,137,40,123,26,160,37,116,86,132,152,148,140,123,135,103,161,80
699,80,Port Richmond,11/10/2017,93,41,49,147,51,100,55,115,37,129,45,124,80,142,69,108,139,113,145,94,131,89,139,73
700,80,Port Richmond,11/11/2017,1541,593,535,1532,418,1641,327,1697,250,1695,220,1614,210,1605,278,1472,471,1458,714,1117,1058,942,1392,637
701,80,Port Richmond,11/12/2017,1208,469,342,1312,453,1444,349,1445,258,1249,203,1697,197,1635,189,1410,299,1242,454,876,595,743,903,544
702,80,Port Richmond,11/13/2017,1511,388,354,1529,222,1363,150,1375,113,1448,112,1759,179,1873,643,1942,1598,1511,1868,1085,1824,725,1675,511
703,80,Port Richmond,11/14/2017,1697,487,373,1471,169,1420,138,1497,108,1628,103,1740,183,2013,582,1915,1662,1642,1852,1168,1949,802,1860,635
704,80,Port Richmond,11/15/2017,1444,467,426,1542,242,1437,191,1538,122,1642,118,1936,192,1920,606,2003,1668,1742,1976,1186,1970,814,1683,635
705,80,Port Richmond,11/16/2017,1682,555,453,1633,261,1527,174,1543,117,1552,133,1976,226,1911,610,2003,1593,1775,2010,1232,2007,836,1922,691
706,80,Port Richmond,11/17/2017,1578,661,542,1585,293,1512,176,1592,151,1836,151,1957,220,2174,721,2070,1559,1765,2001,1368,1884,982,1679,746
707,80,Port Richmond,11/18/2017,1273,516,471,1365,379,1455,301,1545,226,1476,196,1593,186,1515,265,1494,483,1466,704,1299,1039,933,1155,612
708,80,Port Richmond,11/19/2017,1086,417,310,1185,446,1202,284,1343,207,1501,190,1498,194,1493,166,1382,296,1150,362,1005,597,680,799,503
709,106,Rochester Near Rd,04/07/2018,190,158,82,217,77,214,46,261,24,238,22,234,27,267,18,262,50,241,77,213,99,188,162,174
710,106,Rochester Near Rd,04/08/2018,116,119,93,186,80,191,56,181,35,233,19,232,31,223,23,229,23,206,44,187,60,209,106,148
711,106,Rochester Near Rd,04/09/2018,185,115,74,180,47,179,29,256,10,311,7,340,25,294,48,310,131,330,365,237,328,197,221,169
712,106,Rochester Near Rd,04/10/2018,183,144,82,166,59,197,31,219,20,322,8,296,12,293,58,318,151,297,339,261,364,213,252,169
713,106,Rochester Near Rd,04/11/2018,179,124,87,166,48,187,24,275,17,317,9,351,15,304,36,353,134,295,421,305,431,224,235,163
714,106,Rochester Near Rd,04/12/2018,191,136,70,198,37,300,24,259,15,279,10,314,9,321,40,337,127,329,356,255,341,209,189,218
715,106,Rochester Near Rd,04/13/2018,168,200,109,208,52,211,25,264,18,371,19,383,13,394,41,390,121,365,355,304,354,270,171,232
716,106,Rochester Near Rd,04/14/2018,272,161,140,277,85,339,65,383,30,419,27,397,15,330,29,319,64,353,139,270,179,215,185,184
717,106,Rochester Near Rd,04/15/2018,184,90,68,207,108,185,77,206,37,248,24,224,32,261,17,217,26,204,53,234,107,168,137,128
